"","Date","Open","High","Low","Close","Symbol"
"1",2007-01-01,119.01,119.072,118.526,118.696,"USDJPY"
"2",2007-01-02,118.686,118.929,118.47,118.721,"USDJPY"
"3",2007-01-03,118.737,119.668,118.699,119.371,"USDJPY"
"4",2007-01-04,119.389,119.496,118.262,118.301,"USDJPY"
"5",2007-01-05,118.307,119.013,117.975,118.6,"USDJPY"
"6",2007-01-07,118.607,118.731,118.214,118.368,"USDJPY"
"7",2007-01-08,118.358,118.997,118.107,118.931,"USDJPY"
"8",2007-01-09,118.924,119.517,118.81,119.241,"USDJPY"
"9",2007-01-10,119.223,119.765,119.119,119.725,"USDJPY"
"10",2007-01-11,119.721,120.718,119.69,120.519,"USDJPY"
"11",2007-01-12,120.528,120.691,120.161,120.294,"USDJPY"
"12",2007-01-14,120.361,120.428,120.051,120.245,"USDJPY"
"13",2007-01-15,120.257,120.597,120.147,120.42,"USDJPY"
"14",2007-01-16,120.41,120.867,120.185,120.723,"USDJPY"
"15",2007-01-17,120.719,120.883,120.344,120.815,"USDJPY"
"16",2007-01-18,120.812,121.573,120.715,121.242,"USDJPY"
"17",2007-01-19,121.222,121.47,121.081,121.202,"USDJPY"
"18",2007-01-21,121.228,121.394,121.171,121.312,"USDJPY"
"19",2007-01-22,121.317,121.78,121.274,121.654,"USDJPY"
"20",2007-01-23,121.665,121.779,121.102,121.589,"USDJPY"
"21",2007-01-24,121.574,121.671,120.356,120.378,"USDJPY"
"22",2007-01-25,120.364,121.631,120.19,121.462,"USDJPY"
"23",2007-01-26,121.448,121.629,121.257,121.507,"USDJPY"
"24",2007-01-28,121.436,121.812,121.387,121.779,"USDJPY"
"25",2007-01-29,121.788,122.165,121.534,121.774,"USDJPY"
"26",2007-01-30,121.784,121.979,121.467,121.556,"USDJPY"
"27",2007-01-31,121.538,121.727,120.484,120.729,"USDJPY"
"28",2007-02-01,120.73,120.823,120.134,120.712,"USDJPY"
"29",2007-02-02,120.705,121.344,120.62,121.102,"USDJPY"
"30",2007-02-04,121.08,121.179,120.702,120.785,"USDJPY"
"31",2007-02-05,120.788,120.886,120.013,120.271,"USDJPY"
"32",2007-02-06,120.265,120.554,119.97,120.143,"USDJPY"
"33",2007-02-07,120.133,120.896,120.109,120.803,"USDJPY"
"34",2007-02-08,120.788,121.423,120.718,121.333,"USDJPY"
"35",2007-02-09,121.312,121.743,121.104,121.679,"USDJPY"
"36",2007-02-11,121.772,122.087,121.754,121.976,"USDJPY"
"37",2007-02-12,121.933,122.03,121.298,121.374,"USDJPY"
"38",2007-02-13,121.387,121.537,121.042,121.193,"USDJPY"
"39",2007-02-14,121.195,121.32,119.81,120.135,"USDJPY"
"40",2007-02-15,120.141,120.359,119.147,119.445,"USDJPY"
"41",2007-02-16,119.437,119.538,118.984,119.392,"USDJPY"
"42",2007-02-18,119.392,119.57,119.198,119.467,"USDJPY"
"43",2007-02-19,119.48,119.793,119.301,119.746,"USDJPY"
"44",2007-02-20,119.75,120.497,119.677,119.837,"USDJPY"
"45",2007-02-21,119.842,121.17,119.713,121.026,"USDJPY"
"46",2007-02-22,121.02,121.636,120.939,121.52,"USDJPY"
"47",2007-02-23,121.52,121.56,120.898,121.039,"USDJPY"
"48",2007-02-25,121.014,121.06,120.762,120.924,"USDJPY"
"49",2007-02-26,120.914,120.987,120.308,120.432,"USDJPY"
"50",2007-02-27,120.423,120.432,117.515,118.449,"USDJPY"
"51",2007-02-28,118.449,118.847,117.974,118.205,"USDJPY"
"52",2007-03-01,118.203,118.448,116.979,117.661,"USDJPY"
"53",2007-03-02,117.658,117.769,116.417,116.778,"USDJPY"
"54",2007-03-04,116.736,116.788,115.402,115.686,"USDJPY"
"55",2007-03-05,115.695,116.542,115.148,116.425,"USDJPY"
"56",2007-03-06,116.423,116.881,116.19,116.357,"USDJPY"
"57",2007-03-07,116.355,116.601,115.552,116.431,"USDJPY"
"58",2007-03-08,116.433,117.47,116.417,117.267,"USDJPY"
"59",2007-03-09,117.246,118.363,117.182,118.295,"USDJPY"
"60",2007-03-11,118.292,118.398,118.002,118.235,"USDJPY"
"61",2007-03-12,118.22,118.475,117.209,117.4,"USDJPY"
"62",2007-03-13,117.408,117.57,115.885,116.227,"USDJPY"
"63",2007-03-14,116.208,117.538,115.752,117.189,"USDJPY"
"64",2007-03-15,117.192,117.768,116.78,116.98,"USDJPY"
"65",2007-03-16,116.974,117.198,116.495,116.668,"USDJPY"
"66",2007-03-18,116.417,117.39,116.215,117.179,"USDJPY"
"67",2007-03-19,117.183,117.985,117.097,117.777,"USDJPY"
"68",2007-03-20,117.781,117.971,116.917,117.207,"USDJPY"
"69",2007-03-21,117.22,117.934,117.175,117.513,"USDJPY"
"70",2007-03-22,117.493,118.281,117.235,118.147,"USDJPY"
"71",2007-03-23,118.145,118.231,117.395,118.085,"USDJPY"
"72",2007-03-25,118.035,118.11,117.777,117.904,"USDJPY"
"73",2007-03-26,117.894,118.416,117.635,118.16,"USDJPY"
"74",2007-03-27,118.161,118.329,117.07,117.36,"USDJPY"
"75",2007-03-28,117.35,117.46,116.377,117.242,"USDJPY"
"76",2007-03-29,117.25,118.18,117.051,117.778,"USDJPY"
"77",2007-03-30,117.78,118.379,117.215,117.8,"USDJPY"
"78",2007-04-01,117.96,118.07,117.68,117.835,"USDJPY"
"79",2007-04-02,117.84,118.01,117.5,117.96,"USDJPY"
"80",2007-04-03,117.96,118.98,117.86,118.9,"USDJPY"
"81",2007-04-04,118.9,119.08,118.485,118.605,"USDJPY"
"82",2007-04-05,118.605,118.99,118.43,118.83,"USDJPY"
"83",2007-04-06,118.83,119.39,118.725,119.245,"USDJPY"
"84",2007-04-08,119.245,119.38,119.24,119.335,"USDJPY"
"85",2007-04-09,119.34,119.385,118.76,119.04,"USDJPY"
"86",2007-04-10,119.04,119.3,118.87,119.095,"USDJPY"
"87",2007-04-11,119.1,119.54,119.095,119.42,"USDJPY"
"88",2007-04-12,119.415,119.48,118.775,118.85,"USDJPY"
"89",2007-04-13,118.85,119.565,118.205,119.21,"USDJPY"
"90",2007-04-15,119.15,119.61,119.1,119.49,"USDJPY"
"91",2007-04-16,119.5,119.86,119.32,119.58,"USDJPY"
"92",2007-04-17,119.575,119.69,118.515,118.68,"USDJPY"
"93",2007-04-18,118.68,118.9,117.815,117.89,"USDJPY"
"94",2007-04-19,117.88,118.77,117.61,118.65,"USDJPY"
"95",2007-04-20,118.65,118.955,118.52,118.64,"USDJPY"
"96",2007-04-22,118.7,119,118.515,118.59,"USDJPY"
"97",2007-04-23,118.59,119.03,118.225,118.475,"USDJPY"
"98",2007-04-24,118.47,118.94,118.31,118.44,"USDJPY"
"99",2007-04-25,118.44,118.84,118.265,118.62,"USDJPY"
"100",2007-04-26,118.62,119.74,118.59,119.56,"USDJPY"
"101",2007-04-27,119.56,119.76,118.88,119.62,"USDJPY"
"102",2007-04-29,119.19,119.62,119.11,119.53,"USDJPY"
"103",2007-04-30,119.53,119.75,119.295,119.54,"USDJPY"
"104",2007-05-01,119.54,120.15,119.07,120.06,"USDJPY"
"105",2007-05-02,120.06,120.28,119.49,120.19,"USDJPY"
"106",2007-05-03,120.19,120.465,119.965,120.28,"USDJPY"
"107",2007-05-04,120.28,120.4,119.9,120.16,"USDJPY"
"108",2007-05-06,120.06,120.18,119.785,119.81,"USDJPY"
"109",2007-05-07,119.81,120.13,119.69,119.79,"USDJPY"
"110",2007-05-08,119.79,120.04,119.52,119.77,"USDJPY"
"111",2007-05-09,119.77,120.23,119.625,120.04,"USDJPY"
"112",2007-05-10,120.04,120.53,119.7,119.87,"USDJPY"
"113",2007-05-11,119.87,120.23,119.47,120.17,"USDJPY"
"114",2007-05-13,120.24,120.25,120.035,120.2,"USDJPY"
"115",2007-05-14,120.2,120.53,120.155,120.39,"USDJPY"
"116",2007-05-15,120.39,120.575,120.12,120.28,"USDJPY"
"117",2007-05-16,120.28,120.87,120.205,120.82,"USDJPY"
"118",2007-05-17,120.82,121.36,120.77,121.27,"USDJPY"
"119",2007-05-18,121.27,121.39,120.685,121.11,"USDJPY"
"120",2007-05-20,121.09,121.28,120.96,121.25,"USDJPY"
"121",2007-05-21,121.26,121.63,121.23,121.51,"USDJPY"
"122",2007-05-22,121.51,121.765,121.2,121.69,"USDJPY"
"123",2007-05-23,121.69,121.87,121.31,121.55,"USDJPY"
"124",2007-05-24,121.55,121.68,120.85,121.1,"USDJPY"
"125",2007-05-25,121.1,121.87,121.09,121.77,"USDJPY"
"126",2007-05-27,121.7,121.81,121.615,121.63,"USDJPY"
"127",2007-05-28,121.63,121.78,121.34,121.365,"USDJPY"
"128",2007-05-29,121.365,121.81,121.185,121.42,"USDJPY"
"129",2007-05-30,121.415,121.77,121.375,121.565,"USDJPY"
"130",2007-05-31,121.565,121.975,121.475,121.83,"USDJPY"
"131",2007-06-01,121.83,122.135,121.775,122.06,"USDJPY"
"132",2007-06-03,122.06,122.1,121.905,121.99,"USDJPY"
"133",2007-06-04,121.99,122.11,121.545,121.76,"USDJPY"
"134",2007-06-05,121.755,121.94,121.115,121.36,"USDJPY"
"135",2007-06-06,121.36,121.48,120.77,121.13,"USDJPY"
"136",2007-06-07,121.13,121.56,120.86,121.285,"USDJPY"
"137",2007-06-08,121.29,121.83,120.77,121.71,"USDJPY"
"138",2007-06-10,121.71,121.75,121.51,121.6,"USDJPY"
"139",2007-06-11,121.6,121.835,121.515,121.67,"USDJPY"
"140",2007-06-12,121.67,121.86,121.48,121.8,"USDJPY"
"141",2007-06-13,121.8,122.83,121.79,122.75,"USDJPY"
"142",2007-06-14,122.76,123.12,122.715,123.015,"USDJPY"
"143",2007-06-15,123.02,123.66,122.96,123.43,"USDJPY"
"144",2007-06-17,123.44,123.58,123.405,123.52,"USDJPY"
"145",2007-06-18,123.52,123.75,123.3,123.62,"USDJPY"
"146",2007-06-19,123.62,123.71,123.275,123.32,"USDJPY"
"147",2007-06-20,123.32,123.68,123.1,123.65,"USDJPY"
"148",2007-06-21,123.66,123.96,123.475,123.85,"USDJPY"
"149",2007-06-22,123.85,124.14,123.755,123.87,"USDJPY"
"150",2007-06-24,123.69,123.93,123.68,123.89,"USDJPY"
"151",2007-06-25,123.89,123.94,123.305,123.44,"USDJPY"
"152",2007-06-26,123.44,123.52,122.81,122.96,"USDJPY"
"153",2007-06-27,122.96,123.36,122.225,122.92,"USDJPY"
"154",2007-06-28,122.92,123.37,122.815,123.37,"USDJPY"
"155",2007-06-29,123.37,123.56,122.96,123.17,"USDJPY"
"156",2007-07-01,123.06,123.28,122.895,122.955,"USDJPY"
"157",2007-07-02,122.96,123.06,122.085,122.34,"USDJPY"
"158",2007-07-03,122.335,122.68,122.125,122.29,"USDJPY"
"159",2007-07-04,122.29,122.82,122.27,122.76,"USDJPY"
"160",2007-07-05,122.76,123.07,122.33,123.06,"USDJPY"
"161",2007-07-06,123.06,123.55,123,123.32,"USDJPY"
"162",2007-07-08,123.36,123.66,123.355,123.635,"USDJPY"
"163",2007-07-09,123.635,123.66,123.165,123.24,"USDJPY"
"164",2007-07-10,123.24,123.48,120.99,121.68,"USDJPY"
"165",2007-07-11,121.68,122.52,121.06,122.36,"USDJPY"
"166",2007-07-12,122.36,122.62,121.825,122.46,"USDJPY"
"167",2007-07-13,122.46,122.53,121.9,121.91,"USDJPY"
"168",2007-07-15,121.91,122.18,121.8,121.9,"USDJPY"
"169",2007-07-16,121.91,122.09,121.545,121.91,"USDJPY"
"170",2007-07-17,121.92,122.41,121.69,121.77,"USDJPY"
"171",2007-07-18,121.77,122.29,121.58,121.95,"USDJPY"
"172",2007-07-19,121.95,122.28,121.78,122.19,"USDJPY"
"173",2007-07-20,122.19,122.44,120.87,121.26,"USDJPY"
"174",2007-07-22,121.6,121.68,120.8,120.99,"USDJPY"
"175",2007-07-23,120.99,121.52,120.4,120.52,"USDJPY"
"176",2007-07-24,120.52,120.96,119.805,120.11,"USDJPY"
"177",2007-07-25,120.11,120.74,119.905,120.585,"USDJPY"
"178",2007-07-26,120.585,120.67,118.01,119.12,"USDJPY"
"179",2007-07-27,119.12,119.29,118.42,118.6,"USDJPY"
"180",2007-07-29,118.47,118.6,118.02,118.52,"USDJPY"
"181",2007-07-30,118.51,119.25,118.08,118.91,"USDJPY"
"182",2007-07-31,118.91,119.49,118.28,118.36,"USDJPY"
"183",2007-08-01,118.36,119.16,117.6,118.57,"USDJPY"
"184",2007-08-02,118.57,119.37,118.33,119.24,"USDJPY"
"185",2007-08-03,119.24,119.29,117.94,118.03,"USDJPY"
"186",2007-08-05,117.44,117.72,117.18,117.6,"USDJPY"
"187",2007-08-06,117.6,119.1,117.42,118.68,"USDJPY"
"188",2007-08-07,118.675,119.04,117.97,118.9,"USDJPY"
"189",2007-08-08,118.9,119.83,118.81,119.68,"USDJPY"
"190",2007-08-09,119.68,119.71,117.715,118.1,"USDJPY"
"191",2007-08-10,118.1,118.74,117.205,118.35,"USDJPY"
"192",2007-08-12,118.19,118.48,118.15,118.29,"USDJPY"
"193",2007-08-13,118.29,118.57,117.68,117.975,"USDJPY"
"194",2007-08-14,117.97,118.52,117.23,117.28,"USDJPY"
"195",2007-08-15,117.28,117.6,115.7,115.91,"USDJPY"
"196",2007-08-16,115.905,116.31,111.99,112.94,"USDJPY"
"197",2007-08-17,112.93,114.9,111.59,114.34,"USDJPY"
"198",2007-08-19,114.16,114.64,113.66,114.46,"USDJPY"
"199",2007-08-20,114.46,115.5,114.15,115.12,"USDJPY"
"200",2007-08-21,115.12,115.12,113.98,114.32,"USDJPY"
"201",2007-08-22,114.32,116.07,114.27,115.87,"USDJPY"
"202",2007-08-23,115.89,117.14,115.6,116.16,"USDJPY"
"203",2007-08-24,116.16,116.45,115.52,116.42,"USDJPY"
"204",2007-08-26,116.39,116.75,116.11,116.15,"USDJPY"
"205",2007-08-27,116.15,116.33,115.345,115.47,"USDJPY"
"206",2007-08-28,115.48,115.73,113.855,114.27,"USDJPY"
"207",2007-08-29,114.27,116.25,114.23,115.77,"USDJPY"
"208",2007-08-30,115.77,116.37,115.2,116.32,"USDJPY"
"209",2007-08-31,116.32,116.61,115.48,115.75,"USDJPY"
"210",2007-09-02,115.84,115.92,115.66,115.88,"USDJPY"
"211",2007-09-03,115.88,116.11,115.68,115.83,"USDJPY"
"212",2007-09-04,115.83,116.47,115.33,115.98,"USDJPY"
"213",2007-09-05,115.98,115.99,114.81,115.35,"USDJPY"
"214",2007-09-06,115.35,115.65,114.925,115.14,"USDJPY"
"215",2007-09-07,115.14,115.32,113.12,113.36,"USDJPY"
"216",2007-09-09,112.98,113.26,112.6,113.23,"USDJPY"
"217",2007-09-10,113.23,113.995,113.04,113.6,"USDJPY"
"218",2007-09-11,113.6,114.38,113.39,114.33,"USDJPY"
"219",2007-09-12,114.33,114.45,113.77,114.19,"USDJPY"
"220",2007-09-13,114.185,115.49,114.165,115,"USDJPY"
"221",2007-09-14,115.005,115.39,114.36,115.34,"USDJPY"
"222",2007-09-16,115.22,115.38,115.1,115.25,"USDJPY"
"223",2007-09-17,115.25,115.36,114.66,114.945,"USDJPY"
"224",2007-09-18,114.95,116.37,114.79,115.895,"USDJPY"
"225",2007-09-19,115.9,116.32,115.655,115.87,"USDJPY"
"226",2007-09-20,115.87,115.9,113.985,114.94,"USDJPY"
"227",2007-09-21,114.94,115.85,114.62,115.47,"USDJPY"
"228",2007-09-23,115.375,115.375,115.03,115.1,"USDJPY"
"229",2007-09-24,115.1,115.15,114.64,114.715,"USDJPY"
"230",2007-09-25,114.715,115.01,114.025,114.96,"USDJPY"
"231",2007-09-26,114.96,115.74,114.735,115.58,"USDJPY"
"232",2007-09-27,115.58,115.89,114.9,115.245,"USDJPY"
"233",2007-09-28,115.245,115.5,114.67,114.78,"USDJPY"
"234",2007-09-30,114.73,115.11,114.71,115.045,"USDJPY"
"235",2007-10-01,115.045,116.06,114.78,115.35,"USDJPY"
"236",2007-10-02,115.35,115.99,115.28,115.7,"USDJPY"
"237",2007-10-03,115.7,116.775,115.675,116.595,"USDJPY"
"238",2007-10-04,116.6,116.73,116.27,116.44,"USDJPY"
"239",2007-10-05,116.435,117.26,116.34,116.97,"USDJPY"
"240",2007-10-07,117.05,117.18,116.95,117.105,"USDJPY"
"241",2007-10-08,117.11,117.605,117.04,117.25,"USDJPY"
"242",2007-10-09,117.25,117.45,116.81,117.17,"USDJPY"
"243",2007-10-10,117.17,117.53,116.96,117.18,"USDJPY"
"244",2007-10-11,117.18,117.79,117.01,117.265,"USDJPY"
"245",2007-10-12,117.265,117.69,117.14,117.59,"USDJPY"
"246",2007-10-14,117.42,117.7,117.39,117.57,"USDJPY"
"247",2007-10-15,117.57,117.95,117.11,117.375,"USDJPY"
"248",2007-10-16,117.375,117.44,116.335,116.605,"USDJPY"
"249",2007-10-17,116.605,117.19,116.165,116.4,"USDJPY"
"250",2007-10-18,116.395,116.64,115.01,115.04,"USDJPY"
"251",2007-10-19,115.04,115.72,114.485,114.485,"USDJPY"
"252",2007-10-21,114.1,114.17,113.25,114.085,"USDJPY"
"253",2007-10-22,114.085,114.67,113.49,114.625,"USDJPY"
"254",2007-10-23,114.625,115.03,114.175,114.57,"USDJPY"
"255",2007-10-24,114.57,114.63,113.805,113.93,"USDJPY"
"256",2007-10-25,113.93,114.57,113.76,114.255,"USDJPY"
"257",2007-10-26,114.255,114.58,113.98,114.145,"USDJPY"
"258",2007-10-28,113.995,114.26,113.995,114.15,"USDJPY"
"259",2007-10-29,114.15,114.9,114.055,114.44,"USDJPY"
"260",2007-10-30,114.44,115.015,114.38,114.75,"USDJPY"
"261",2007-10-31,114.75,115.5,114.53,115.315,"USDJPY"
"262",2007-11-01,115.315,115.92,114.365,114.85,"USDJPY"
"263",2007-11-02,114.85,115.42,114.43,114.815,"USDJPY"
"264",2007-11-04,114.76,114.77,114.35,114.58,"USDJPY"
"265",2007-11-05,114.58,114.81,114.02,114.645,"USDJPY"
"266",2007-11-06,114.65,114.78,114.06,114.12,"USDJPY"
"267",2007-11-07,114.12,114.16,112.045,112.76,"USDJPY"
"268",2007-11-08,112.76,113.37,112.215,112.73,"USDJPY"
"269",2007-11-09,112.73,112.775,110.5,110.66,"USDJPY"
"270",2007-11-11,110.23,110.78,109.84,110.07,"USDJPY"
"271",2007-11-12,110.075,110.73,109.11,110.225,"USDJPY"
"272",2007-11-13,110.225,111.28,109.68,111.025,"USDJPY"
"273",2007-11-14,111.025,111.75,110.755,111.41,"USDJPY"
"274",2007-11-15,111.41,111.55,109.865,110.11,"USDJPY"
"275",2007-11-16,110.11,111.33,109.765,110.94,"USDJPY"
"276",2007-11-18,110.84,111.07,110.485,110.585,"USDJPY"
"277",2007-11-19,110.585,110.775,109.605,110.225,"USDJPY"
"278",2007-11-20,110.22,110.57,109.22,109.295,"USDJPY"
"279",2007-11-21,109.295,109.33,108.255,108.94,"USDJPY"
"280",2007-11-22,108.94,109.13,107.545,107.72,"USDJPY"
"281",2007-11-23,107.72,108.54,107.635,108.315,"USDJPY"
"282",2007-11-25,108.4,108.78,108.105,108.46,"USDJPY"
"283",2007-11-26,108.46,108.805,107.215,108.28,"USDJPY"
"284",2007-11-27,108.28,109.145,107.53,108.425,"USDJPY"
"285",2007-11-28,108.425,110.48,108.36,109.9,"USDJPY"
"286",2007-11-29,109.895,110.43,109.47,110.355,"USDJPY"
"287",2007-11-30,110.355,111.22,110.02,111.12,"USDJPY"
"288",2007-12-02,111.01,111.02,110.475,110.535,"USDJPY"
"289",2007-12-03,110.535,110.755,110.13,110.24,"USDJPY"
"290",2007-12-04,110.24,110.415,109.555,110.315,"USDJPY"
"291",2007-12-05,110.315,111.18,110.12,110.88,"USDJPY"
"292",2007-12-06,110.88,111.46,110.62,111.3,"USDJPY"
"293",2007-12-07,111.3,111.785,111.165,111.725,"USDJPY"
"294",2007-12-09,111.43,111.685,111.345,111.555,"USDJPY"
"295",2007-12-10,111.55,111.94,111.455,111.725,"USDJPY"
"296",2007-12-11,111.725,112.135,110.475,110.92,"USDJPY"
"297",2007-12-12,110.92,112.465,110.91,111.86,"USDJPY"
"298",2007-12-13,111.855,112.645,111.405,112.395,"USDJPY"
"299",2007-12-14,112.395,113.585,112.275,113.415,"USDJPY"
"300",2007-12-16,113.44,113.48,113.005,113.045,"USDJPY"
"301",2007-12-17,113.05,113.48,112.74,113.225,"USDJPY"
"302",2007-12-18,113.225,113.53,112.95,113.295,"USDJPY"
"303",2007-12-19,113.285,113.495,112.735,113.23,"USDJPY"
"304",2007-12-20,113.23,113.32,112.8,113.075,"USDJPY"
"305",2007-12-21,113.075,114.205,112.935,114.2,"USDJPY"
"306",2007-12-23,113.98,114.165,113.975,114.05,"USDJPY"
"307",2007-12-24,114.06,114.465,114,114.43,"USDJPY"
"308",2007-12-26,114.12,114.365,113.96,114.235,"USDJPY"
"309",2007-12-27,114.235,114.66,113.315,113.32,"USDJPY"
"310",2007-12-28,113.32,113.335,112.625,112.625,"USDJPY"
"311",2007-12-30,112.65,112.66,111.715,112.02,"USDJPY"
"312",2007-12-31,112.02,112.19,111.49,111.72,"USDJPY"
"313",2007-01-01,1.2188,1.21916,1.21409,1.21435,"USDCHF"
"314",2007-01-02,1.2144,1.21778,1.21116,1.21241,"USDCHF"
"315",2007-01-03,1.2126,1.22929,1.2126,1.2253,"USDCHF"
"316",2007-01-04,1.22523,1.23344,1.22393,1.23219,"USDCHF"
"317",2007-01-05,1.23231,1.23932,1.22734,1.23649,"USDCHF"
"318",2007-01-07,1.23463,1.23736,1.23446,1.23576,"USDCHF"
"319",2007-01-08,1.23578,1.24093,1.23309,1.23632,"USDCHF"
"320",2007-01-09,1.23642,1.24444,1.2359,1.24295,"USDCHF"
"321",2007-01-10,1.24302,1.24774,1.24001,1.24476,"USDCHF"
"322",2007-01-11,1.24468,1.25059,1.241,1.24799,"USDCHF"
"323",2007-01-12,1.24793,1.25234,1.24469,1.247,"USDCHF"
"324",2007-01-14,1.2471,1.25647,1.24606,1.24653,"USDCHF"
"325",2007-01-15,1.2466,1.24979,1.24418,1.24757,"USDCHF"
"326",2007-01-16,1.2476,1.24914,1.24171,1.24783,"USDCHF"
"327",2007-01-17,1.2478,1.25109,1.24294,1.24408,"USDCHF"
"328",2007-01-18,1.2444,1.25464,1.24408,1.24512,"USDCHF"
"329",2007-01-19,1.2451,1.25285,1.24489,1.24818,"USDCHF"
"330",2007-01-21,1.2481,1.24866,1.24698,1.24764,"USDCHF"
"331",2007-01-22,1.24763,1.25247,1.24699,1.24989,"USDCHF"
"332",2007-01-23,1.24993,1.25066,1.23743,1.24272,"USDCHF"
"333",2007-01-24,1.24253,1.2496,1.24128,1.24727,"USDCHF"
"334",2007-01-25,1.24728,1.24967,1.24236,1.24953,"USDCHF"
"335",2007-01-26,1.2497,1.25632,1.24857,1.25346,"USDCHF"
"336",2007-01-28,1.25295,1.25483,1.25202,1.25411,"USDCHF"
"337",2007-01-29,1.25422,1.25596,1.25103,1.25202,"USDCHF"
"338",2007-01-30,1.2521,1.25423,1.24981,1.2521,"USDCHF"
"339",2007-01-31,1.25213,1.25703,1.24289,1.24352,"USDCHF"
"340",2007-02-01,1.24382,1.24587,1.23928,1.2437,"USDCHF"
"341",2007-02-02,1.24387,1.24937,1.23789,1.24755,"USDCHF"
"342",2007-02-04,1.24807,1.24984,1.24725,1.24941,"USDCHF"
"343",2007-02-05,1.24955,1.25172,1.24672,1.24811,"USDCHF"
"344",2007-02-06,1.24823,1.24972,1.23844,1.23941,"USDCHF"
"345",2007-02-07,1.23952,1.2429,1.23805,1.24155,"USDCHF"
"346",2007-02-08,1.2416,1.25096,1.24139,1.24728,"USDCHF"
"347",2007-02-09,1.24735,1.25165,1.2468,1.24714,"USDCHF"
"348",2007-02-11,1.24822,1.24867,1.24627,1.24757,"USDCHF"
"349",2007-02-12,1.24753,1.25497,1.24566,1.25256,"USDCHF"
"350",2007-02-13,1.25263,1.25271,1.24422,1.24682,"USDCHF"
"351",2007-02-14,1.24705,1.24748,1.2369,1.23847,"USDCHF"
"352",2007-02-15,1.23853,1.24063,1.23296,1.23397,"USDCHF"
"353",2007-02-16,1.23408,1.23801,1.23324,1.23473,"USDCHF"
"354",2007-02-18,1.23452,1.23471,1.23116,1.23337,"USDCHF"
"355",2007-02-19,1.23348,1.23503,1.23108,1.23262,"USDCHF"
"356",2007-02-20,1.23272,1.23917,1.23171,1.23604,"USDCHF"
"357",2007-02-21,1.23632,1.24105,1.2338,1.2387,"USDCHF"
"358",2007-02-22,1.23885,1.24358,1.23684,1.23902,"USDCHF"
"359",2007-02-23,1.23922,1.24095,1.22954,1.23225,"USDCHF"
"360",2007-02-25,1.23256,1.23258,1.22912,1.23085,"USDCHF"
"361",2007-02-26,1.23085,1.2332,1.22785,1.22936,"USDCHF"
"362",2007-02-27,1.22933,1.23059,1.21433,1.21834,"USDCHF"
"363",2007-02-28,1.21852,1.22413,1.21695,1.21815,"USDCHF"
"364",2007-03-01,1.21841,1.2246,1.21473,1.22313,"USDCHF"
"365",2007-03-02,1.22306,1.22597,1.21441,1.21627,"USDCHF"
"366",2007-03-04,1.22355,1.23379,1.21381,1.21402,"USDCHF"
"367",2007-03-05,1.2145,1.22413,1.21075,1.2229,"USDCHF"
"368",2007-03-06,1.22288,1.22544,1.21944,1.22321,"USDCHF"
"369",2007-03-07,1.22335,1.22458,1.2158,1.21847,"USDCHF"
"370",2007-03-08,1.2185,1.2294,1.21791,1.2263,"USDCHF"
"371",2007-03-09,1.22635,1.23549,1.22534,1.23442,"USDCHF"
"372",2007-03-11,1.2331,1.23505,1.23089,1.23482,"USDCHF"
"373",2007-03-12,1.23485,1.23507,1.22342,1.22472,"USDCHF"
"374",2007-03-13,1.2249,1.22591,1.21599,1.21657,"USDCHF"
"375",2007-03-14,1.21665,1.21974,1.21042,1.21613,"USDCHF"
"376",2007-03-15,1.21624,1.22142,1.20804,1.21034,"USDCHF"
"377",2007-03-16,1.21043,1.21224,1.203,1.20673,"USDCHF"
"378",2007-03-18,1.20547,1.20839,1.20433,1.20747,"USDCHF"
"379",2007-03-19,1.20747,1.21517,1.20685,1.21389,"USDCHF"
"380",2007-03-20,1.21387,1.21592,1.21073,1.21149,"USDCHF"
"381",2007-03-21,1.21163,1.21663,1.20765,1.20823,"USDCHF"
"382",2007-03-22,1.20823,1.21797,1.20796,1.21533,"USDCHF"
"383",2007-03-23,1.21565,1.21913,1.21134,1.21865,"USDCHF"
"384",2007-03-25,1.21867,1.22142,1.21719,1.21948,"USDCHF"
"385",2007-03-26,1.21944,1.2226,1.2117,1.2165,"USDCHF"
"386",2007-03-27,1.21645,1.21682,1.21046,1.21653,"USDCHF"
"387",2007-03-28,1.21098,1.21781,1.20837,1.21603,"USDCHF"
"388",2007-03-29,1.21607,1.21861,1.21352,1.216,"USDCHF"
"389",2007-03-30,1.21592,1.22377,1.20856,1.2154,"USDCHF"
"390",2007-04-01,1.21333,1.2173,1.21264,1.2157,"USDCHF"
"391",2007-04-02,1.2156,1.2157,1.2119,1.2153,"USDCHF"
"392",2007-04-03,1.21517,1.2233,1.2147,1.22195,"USDCHF"
"393",2007-04-04,1.22205,1.2225,1.2173,1.2197,"USDCHF"
"394",2007-04-05,1.2197,1.2212,1.21225,1.2154,"USDCHF"
"395",2007-04-06,1.2154,1.2228,1.21526,1.2219,"USDCHF"
"396",2007-04-08,1.22145,1.2232,1.22125,1.223,"USDCHF"
"397",2007-04-09,1.22295,1.2283,1.21925,1.2215,"USDCHF"
"398",2007-04-10,1.22145,1.2218,1.21425,1.2177,"USDCHF"
"399",2007-04-11,1.2178,1.2246,1.21695,1.22055,"USDCHF"
"400",2007-04-12,1.22055,1.2208,1.2132,1.21463,"USDCHF"
"401",2007-04-13,1.2148,1.2189,1.20675,1.2145,"USDCHF"
"402",2007-04-15,1.21265,1.2146,1.21255,1.2133,"USDCHF"
"403",2007-04-16,1.2133,1.215,1.2116,1.21345,"USDCHF"
"404",2007-04-17,1.2135,1.2135,1.20587,1.2072,"USDCHF"
"405",2007-04-18,1.2072,1.20725,1.2002,1.2012,"USDCHF"
"406",2007-04-19,1.2012,1.2063,1.2006,1.20515,"USDCHF"
"407",2007-04-20,1.20515,1.2091,1.2037,1.2083,"USDCHF"
"408",2007-04-22,1.20797,1.2082,1.20528,1.2078,"USDCHF"
"409",2007-04-23,1.2078,1.2127,1.2066,1.2092,"USDCHF"
"410",2007-04-24,1.2092,1.2105,1.2006,1.2015,"USDCHF"
"411",2007-04-25,1.2015,1.206,1.1994,1.2046,"USDCHF"
"412",2007-04-26,1.20455,1.21,1.2031,1.208,"USDCHF"
"413",2007-04-27,1.208,1.2106,1.2007,1.2056,"USDCHF"
"414",2007-04-29,1.20503,1.2067,1.2028,1.20455,"USDCHF"
"415",2007-04-30,1.20455,1.2104,1.20395,1.2071,"USDCHF"
"416",2007-05-01,1.2071,1.2172,1.20505,1.2172,"USDCHF"
"417",2007-05-02,1.2171,1.2189,1.2117,1.2135,"USDCHF"
"418",2007-05-03,1.2135,1.2171,1.2092,1.2156,"USDCHF"
"419",2007-05-04,1.2156,1.21655,1.20995,1.211,"USDCHF"
"420",2007-05-06,1.21,1.21082,1.20931,1.2098,"USDCHF"
"421",2007-05-07,1.2097,1.2133,1.20825,1.2114,"USDCHF"
"422",2007-05-08,1.2114,1.2196,1.21035,1.2178,"USDCHF"
"423",2007-05-09,1.2178,1.2193,1.21405,1.2191,"USDCHF"
"424",2007-05-10,1.2191,1.2223,1.2158,1.22,"USDCHF"
"425",2007-05-11,1.22,1.2209,1.2169,1.2189,"USDCHF"
"426",2007-05-13,1.2173,1.2188,1.2159,1.21715,"USDCHF"
"427",2007-05-14,1.2172,1.2207,1.21652,1.2183,"USDCHF"
"428",2007-05-15,1.2183,1.2204,1.2127,1.2144,"USDCHF"
"429",2007-05-16,1.2144,1.2247,1.2138,1.2224,"USDCHF"
"430",2007-05-17,1.2224,1.2282,1.2196,1.2275,"USDCHF"
"431",2007-05-18,1.2275,1.2281,1.2244,1.2271,"USDCHF"
"432",2007-05-20,1.2266,1.2285,1.22601,1.2277,"USDCHF"
"433",2007-05-21,1.2277,1.2331,1.22677,1.2308,"USDCHF"
"434",2007-05-22,1.2308,1.2329,1.22815,1.2294,"USDCHF"
"435",2007-05-23,1.2294,1.2311,1.224,1.2277,"USDCHF"
"436",2007-05-24,1.2277,1.2315,1.22645,1.228,"USDCHF"
"437",2007-05-25,1.22795,1.2294,1.22555,1.2281,"USDCHF"
"438",2007-05-27,1.2273,1.2281,1.22638,1.2266,"USDCHF"
"439",2007-05-28,1.2268,1.2308,1.22635,1.229,"USDCHF"
"440",2007-05-29,1.229,1.22909,1.21995,1.22384,"USDCHF"
"441",2007-05-30,1.2241,1.2279,1.22354,1.2255,"USDCHF"
"442",2007-05-31,1.2255,1.2271,1.2232,1.2255,"USDCHF"
"443",2007-06-01,1.2255,1.2329,1.22497,1.2296,"USDCHF"
"444",2007-06-03,1.22944,1.2307,1.2288,1.2292,"USDCHF"
"445",2007-06-04,1.2292,1.2306,1.2216,1.2223,"USDCHF"
"446",2007-06-05,1.2222,1.2241,1.2161,1.2181,"USDCHF"
"447",2007-06-06,1.2181,1.2186,1.2147,1.2169,"USDCHF"
"448",2007-06-07,1.2169,1.2267,1.2166,1.2262,"USDCHF"
"449",2007-06-08,1.2262,1.2366,1.2253,1.2349,"USDCHF"
"450",2007-06-10,1.2346,1.2373,1.23447,1.23642,"USDCHF"
"451",2007-06-11,1.2365,1.2401,1.23567,1.23764,"USDCHF"
"452",2007-06-12,1.2377,1.2436,1.23709,1.243,"USDCHF"
"453",2007-06-13,1.243,1.2469,1.24215,1.2436,"USDCHF"
"454",2007-06-14,1.2436,1.2468,1.24292,1.24508,"USDCHF"
"455",2007-06-15,1.2452,1.2463,1.24075,1.241,"USDCHF"
"456",2007-06-17,1.2414,1.2423,1.24053,1.2414,"USDCHF"
"457",2007-06-18,1.2414,1.2424,1.2387,1.24138,"USDCHF"
"458",2007-06-19,1.24127,1.2427,1.23869,1.23975,"USDCHF"
"459",2007-06-20,1.23975,1.2404,1.23545,1.2392,"USDCHF"
"460",2007-06-21,1.2392,1.2427,1.23875,1.2406,"USDCHF"
"461",2007-06-22,1.2405,1.24085,1.22819,1.2292,"USDCHF"
"462",2007-06-24,1.22919,1.2292,1.22776,1.2287,"USDCHF"
"463",2007-06-25,1.2287,1.2312,1.22681,1.2272,"USDCHF"
"464",2007-06-26,1.2272,1.2307,1.22605,1.2283,"USDCHF"
"465",2007-06-27,1.22835,1.2304,1.22715,1.22782,"USDCHF"
"466",2007-06-28,1.228,1.2342,1.2267,1.2327,"USDCHF"
"467",2007-06-29,1.2327,1.23325,1.2205,1.2214,"USDCHF"
"468",2007-07-01,1.22098,1.2226,1.2202,1.2222,"USDCHF"
"469",2007-07-02,1.2222,1.2227,1.20892,1.2109,"USDCHF"
"470",2007-07-03,1.2109,1.2178,1.2106,1.2149,"USDCHF"
"471",2007-07-04,1.2149,1.2173,1.2141,1.2166,"USDCHF"
"472",2007-07-05,1.2165,1.2199,1.21005,1.2177,"USDCHF"
"473",2007-07-06,1.2177,1.2233,1.21615,1.2178,"USDCHF"
"474",2007-07-08,1.21763,1.2192,1.21707,1.2183,"USDCHF"
"475",2007-07-09,1.2184,1.2192,1.2154,1.2172,"USDCHF"
"476",2007-07-10,1.2172,1.2194,1.1999,1.2034,"USDCHF"
"477",2007-07-11,1.2034,1.2068,1.1993,1.2049,"USDCHF"
"478",2007-07-12,1.2049,1.2052,1.2005,1.2034,"USDCHF"
"479",2007-07-13,1.2034,1.2055,1.1984,1.2025,"USDCHF"
"480",2007-07-15,1.20227,1.2034,1.2009,1.2014,"USDCHF"
"481",2007-07-16,1.2014,1.2038,1.19935,1.2022,"USDCHF"
"482",2007-07-17,1.2022,1.2036,1.1965,1.1966,"USDCHF"
"483",2007-07-18,1.1966,1.205,1.1961,1.201,"USDCHF"
"484",2007-07-19,1.2011,1.2053,1.1987,1.2041,"USDCHF"
"485",2007-07-20,1.2041,1.2066,1.1982,1.2007,"USDCHF"
"486",2007-07-22,1.2009,1.2014,1.1981,1.1994,"USDCHF"
"487",2007-07-23,1.19935,1.2079,1.1983,1.2048,"USDCHF"
"488",2007-07-24,1.2048,1.2077,1.2011,1.2042,"USDCHF"
"489",2007-07-25,1.2042,1.2165,1.20315,1.2142,"USDCHF"
"490",2007-07-26,1.2142,1.215,1.2021,1.2046,"USDCHF"
"491",2007-07-27,1.2046,1.2132,1.2027,1.2083,"USDCHF"
"492",2007-07-29,1.2087,1.2099,1.2055,1.20705,"USDCHF"
"493",2007-07-30,1.2072,1.2079,1.20065,1.20255,"USDCHF"
"494",2007-07-31,1.2025,1.2065,1.1995,1.1999,"USDCHF"
"495",2007-08-01,1.1999,1.2051,1.1979,1.20395,"USDCHF"
"496",2007-08-02,1.20395,1.2084,1.20229,1.2029,"USDCHF"
"497",2007-08-03,1.2029,1.2071,1.1867,1.1905,"USDCHF"
"498",2007-08-05,1.18955,1.18958,1.1814,1.184,"USDCHF"
"499",2007-08-06,1.184,1.1926,1.1824,1.18995,"USDCHF"
"500",2007-08-07,1.19,1.1985,1.18925,1.1964,"USDCHF"
"501",2007-08-08,1.1964,1.1995,1.1912,1.19575,"USDCHF"
"502",2007-08-09,1.19575,1.1994,1.1919,1.19795,"USDCHF"
"503",2007-08-10,1.19795,1.2017,1.1929,1.1985,"USDCHF"
"504",2007-08-12,1.19856,1.2002,1.1972,1.1986,"USDCHF"
"505",2007-08-13,1.1986,1.2068,1.198,1.2038,"USDCHF"
"506",2007-08-14,1.2038,1.2124,1.2033,1.21215,"USDCHF"
"507",2007-08-15,1.21215,1.2215,1.2109,1.22075,"USDCHF"
"508",2007-08-16,1.2208,1.2209,1.2133,1.2156,"USDCHF"
"509",2007-08-17,1.2157,1.2162,1.1993,1.2076,"USDCHF"
"510",2007-08-19,1.20698,1.2078,1.20472,1.2057,"USDCHF"
"511",2007-08-20,1.20555,1.2089,1.20494,1.2058,"USDCHF"
"512",2007-08-21,1.2058,1.2072,1.2011,1.206,"USDCHF"
"513",2007-08-22,1.206,1.21115,1.2041,1.2063,"USDCHF"
"514",2007-08-23,1.2061,1.2106,1.2047,1.2059,"USDCHF"
"515",2007-08-24,1.2059,1.2075,1.19925,1.2005,"USDCHF"
"516",2007-08-26,1.2004,1.2018,1.19949,1.2015,"USDCHF"
"517",2007-08-27,1.2015,1.2047,1.2008,1.2024,"USDCHF"
"518",2007-08-28,1.2024,1.2041,1.196,1.2018,"USDCHF"
"519",2007-08-29,1.2017,1.2039,1.1983,1.20045,"USDCHF"
"520",2007-08-30,1.2005,1.2067,1.1989,1.2018,"USDCHF"
"521",2007-08-31,1.2018,1.2089,1.1988,1.2083,"USDCHF"
"522",2007-09-02,1.20809,1.20841,1.2061,1.2069,"USDCHF"
"523",2007-09-03,1.2069,1.2101,1.2061,1.2094,"USDCHF"
"524",2007-09-04,1.2094,1.2151,1.2075,1.20975,"USDCHF"
"525",2007-09-05,1.20975,1.2138,1.2021,1.205,"USDCHF"
"526",2007-09-06,1.205,1.2062,1.1993,1.2022,"USDCHF"
"527",2007-09-07,1.2022,1.2026,1.18605,1.1884,"USDCHF"
"528",2007-09-09,1.18768,1.18784,1.1854,1.1875,"USDCHF"
"529",2007-09-10,1.1875,1.188,1.1841,1.1862,"USDCHF"
"530",2007-09-11,1.1863,1.1899,1.18375,1.1877,"USDCHF"
"531",2007-09-12,1.1877,1.1881,1.1818,1.1853,"USDCHF"
"532",2007-09-13,1.1853,1.1889,1.18015,1.18595,"USDCHF"
"533",2007-09-14,1.18595,1.1923,1.18385,1.1891,"USDCHF"
"534",2007-09-16,1.18924,1.1899,1.187,1.1877,"USDCHF"
"535",2007-09-17,1.1877,1.18915,1.18475,1.1872,"USDCHF"
"536",2007-09-18,1.1872,1.1895,1.17925,1.18145,"USDCHF"
"537",2007-09-19,1.18145,1.1879,1.1797,1.1823,"USDCHF"
"538",2007-09-20,1.1823,1.1826,1.16865,1.1721,"USDCHF"
"539",2007-09-21,1.1721,1.1772,1.16775,1.1723,"USDCHF"
"540",2007-09-23,1.17225,1.17225,1.1695,1.171,"USDCHF"
"541",2007-09-24,1.171,1.1757,1.16855,1.1729,"USDCHF"
"542",2007-09-25,1.1728,1.1746,1.16375,1.1673,"USDCHF"
"543",2007-09-26,1.1673,1.172,1.16525,1.1692,"USDCHF"
"544",2007-09-27,1.1692,1.1741,1.16745,1.1707,"USDCHF"
"545",2007-09-28,1.1707,1.1722,1.16255,1.1635,"USDCHF"
"546",2007-09-30,1.16234,1.1658,1.16205,1.16505,"USDCHF"
"547",2007-10-01,1.1651,1.1719,1.1641,1.1697,"USDCHF"
"548",2007-10-02,1.1697,1.1779,1.16845,1.17405,"USDCHF"
"549",2007-10-03,1.17405,1.1809,1.17125,1.1804,"USDCHF"
"550",2007-10-04,1.1804,1.1814,1.17363,1.1746,"USDCHF"
"551",2007-10-05,1.1746,1.1855,1.1745,1.1782,"USDCHF"
"552",2007-10-07,1.17741,1.178,1.176,1.1778,"USDCHF"
"553",2007-10-08,1.1778,1.1881,1.1773,1.1877,"USDCHF"
"554",2007-10-09,1.1877,1.1894,1.1822,1.18265,"USDCHF"
"555",2007-10-10,1.18265,1.18465,1.1785,1.1826,"USDCHF"
"556",2007-10-11,1.1826,1.1836,1.1769,1.18145,"USDCHF"
"557",2007-10-12,1.1816,1.1879,1.18045,1.1844,"USDCHF"
"558",2007-10-14,1.18455,1.18525,1.1833,1.1845,"USDCHF"
"559",2007-10-15,1.1844,1.1859,1.1777,1.1808,"USDCHF"
"560",2007-10-16,1.1808,1.1846,1.1788,1.18215,"USDCHF"
"561",2007-10-17,1.18215,1.18305,1.17605,1.1772,"USDCHF"
"562",2007-10-18,1.17725,1.1785,1.16625,1.16805,"USDCHF"
"563",2007-10-19,1.16805,1.17355,1.16555,1.16585,"USDCHF"
"564",2007-10-21,1.1627,1.16515,1.1599,1.1651,"USDCHF"
"565",2007-10-22,1.16515,1.17865,1.16145,1.17695,"USDCHF"
"566",2007-10-23,1.17695,1.178,1.1702,1.1724,"USDCHF"
"567",2007-10-24,1.1724,1.1775,1.17055,1.1711,"USDCHF"
"568",2007-10-25,1.1711,1.1725,1.1635,1.1656,"USDCHF"
"569",2007-10-26,1.16565,1.1659,1.16195,1.16395,"USDCHF"
"570",2007-10-28,1.16385,1.16385,1.16156,1.1626,"USDCHF"
"571",2007-10-29,1.1626,1.1671,1.1606,1.1652,"USDCHF"
"572",2007-10-30,1.1652,1.16705,1.1574,1.1584,"USDCHF"
"573",2007-10-31,1.1584,1.1627,1.1557,1.1602,"USDCHF"
"574",2007-11-01,1.1602,1.1639,1.1555,1.1566,"USDCHF"
"575",2007-11-02,1.1566,1.1576,1.14915,1.15375,"USDCHF"
"576",2007-11-04,1.15292,1.1545,1.15075,1.15365,"USDCHF"
"577",2007-11-05,1.15365,1.1557,1.151,1.15255,"USDCHF"
"578",2007-11-06,1.15255,1.15255,1.1345,1.13735,"USDCHF"
"579",2007-11-07,1.13735,1.1394,1.12565,1.1332,"USDCHF"
"580",2007-11-08,1.1331,1.1337,1.12095,1.12205,"USDCHF"
"581",2007-11-09,1.12205,1.1268,1.1188,1.12214,"USDCHF"
"582",2007-11-11,1.12217,1.1253,1.1216,1.12395,"USDCHF"
"583",2007-11-12,1.12395,1.1299,1.12185,1.12695,"USDCHF"
"584",2007-11-13,1.127,1.1282,1.1213,1.1224,"USDCHF"
"585",2007-11-14,1.1224,1.12525,1.11765,1.1224,"USDCHF"
"586",2007-11-15,1.1224,1.12615,1.1199,1.1221,"USDCHF"
"587",2007-11-16,1.1221,1.1247,1.11595,1.1172,"USDCHF"
"588",2007-11-18,1.11682,1.11805,1.11555,1.1175,"USDCHF"
"589",2007-11-19,1.1175,1.1202,1.11445,1.1158,"USDCHF"
"590",2007-11-20,1.1158,1.11695,1.10335,1.1039,"USDCHF"
"591",2007-11-21,1.1039,1.108,1.1005,1.1018,"USDCHF"
"592",2007-11-22,1.1018,1.10395,1.0886,1.09375,"USDCHF"
"593",2007-11-23,1.09375,1.10485,1.0921,1.10183,"USDCHF"
"594",2007-11-25,1.10329,1.10675,1.1028,1.1053,"USDCHF"
"595",2007-11-26,1.10535,1.10715,1.09545,1.0997,"USDCHF"
"596",2007-11-27,1.0997,1.1069,1.0955,1.1051,"USDCHF"
"597",2007-11-28,1.10505,1.1195,1.1046,1.1125,"USDCHF"
"598",2007-11-29,1.1125,1.12085,1.1106,1.11975,"USDCHF"
"599",2007-11-30,1.11975,1.13262,1.118,1.13168,"USDCHF"
"600",2007-12-02,1.1305,1.13095,1.1268,1.1277,"USDCHF"
"601",2007-12-03,1.1277,1.1305,1.125,1.12755,"USDCHF"
"602",2007-12-04,1.12755,1.1319,1.11525,1.11665,"USDCHF"
"603",2007-12-05,1.11665,1.13035,1.11645,1.1269,"USDCHF"
"604",2007-12-06,1.12695,1.1353,1.12675,1.13205,"USDCHF"
"605",2007-12-07,1.13205,1.13325,1.12749,1.12753,"USDCHF"
"606",2007-12-09,1.12775,1.12965,1.12727,1.12945,"USDCHF"
"607",2007-12-10,1.12945,1.1303,1.12345,1.12655,"USDCHF"
"608",2007-12-11,1.12655,1.1362,1.12535,1.1309,"USDCHF"
"609",2007-12-12,1.1309,1.14015,1.12735,1.1331,"USDCHF"
"610",2007-12-13,1.13305,1.14505,1.12975,1.14135,"USDCHF"
"611",2007-12-14,1.14155,1.1548,1.14,1.15262,"USDCHF"
"612",2007-12-16,1.15586,1.1569,1.1515,1.1518,"USDCHF"
"613",2007-12-17,1.15175,1.1574,1.1477,1.15105,"USDCHF"
"614",2007-12-18,1.15105,1.15355,1.14905,1.15135,"USDCHF"
"615",2007-12-19,1.15135,1.1587,1.15105,1.1547,"USDCHF"
"616",2007-12-20,1.1547,1.1595,1.15455,1.1565,"USDCHF"
"617",2007-12-21,1.1565,1.1574,1.15135,1.15443,"USDCHF"
"618",2007-12-23,1.15563,1.15608,1.1534,1.1551,"USDCHF"
"619",2007-12-24,1.1551,1.15931,1.1537,1.15766,"USDCHF"
"620",2007-12-25,1.1578,1.16242,1.1238,1.15651,"USDCHF"
"621",2007-12-26,1.15645,1.1567,1.1492,1.15055,"USDCHF"
"622",2007-12-27,1.15055,1.15225,1.1373,1.1401,"USDCHF"
"623",2007-12-28,1.1402,1.1405,1.12537,1.12544,"USDCHF"
"624",2007-12-30,1.1278,1.1288,1.12245,1.1232,"USDCHF"
"625",2007-12-31,1.1232,1.13689,1.12235,1.13233,"USDCHF"
"626",2007-01-01,635.796,637.64,635.006,636.938,"XAUUSD"
"627",2007-01-02,636.981,640.802,636.168,639.319,"XAUUSD"
"628",2007-01-03,639.196,644.663,624.634,628.469,"XAUUSD"
"629",2007-01-04,628.052,629.689,619.6,622.566,"XAUUSD"
"630",2007-01-05,622.572,625.768,601.591,606.841,"XAUUSD"
"631",2007-01-07,606.711,608.966,606.274,607.861,"XAUUSD"
"632",2007-01-08,607.93,613.138,602.943,611.861,"XAUUSD"
"633",2007-01-09,611.732,615.662,605.281,611.082,"XAUUSD"
"634",2007-01-10,611.128,613.01,605.153,608.464,"XAUUSD"
"635",2007-01-11,608.375,615.785,608.051,611.926,"XAUUSD"
"636",2007-01-12,611.728,627.323,610.701,626.233,"XAUUSD"
"637",2007-01-14,625.72,627.53,623.932,624.644,"XAUUSD"
"638",2007-01-15,624.727,627.767,623.127,625.007,"XAUUSD"
"639",2007-01-16,624.719,627.95,621.981,623.341,"XAUUSD"
"640",2007-01-17,623.261,633.707,619.363,632.127,"XAUUSD"
"641",2007-01-18,632.338,636.48,625.672,628.134,"XAUUSD"
"642",2007-01-19,628.039,636.083,626.352,634.771,"XAUUSD"
"643",2007-01-21,634.571,636.07,633.366,634.819,"XAUUSD"
"644",2007-01-22,634.687,639.34,631.065,633.998,"XAUUSD"
"645",2007-01-23,634.142,647.615,633.193,643.876,"XAUUSD"
"646",2007-01-24,643.985,648.77,638.015,646.363,"XAUUSD"
"647",2007-01-25,646.416,654.442,643.202,644.878,"XAUUSD"
"648",2007-01-26,645.238,647.833,639.942,645.38,"XAUUSD"
"649",2007-01-28,645.262,647.708,644.8,646.097,"XAUUSD"
"650",2007-01-29,646.168,647.51,640.028,641.672,"XAUUSD"
"651",2007-01-30,641.685,647.38,639.983,644.855,"XAUUSD"
"652",2007-01-31,645.037,654.648,641.285,652.053,"XAUUSD"
"653",2007-02-01,652.175,661.108,650.819,655.237,"XAUUSD"
"654",2007-02-02,655.492,659.558,642.19,647.066,"XAUUSD"
"655",2007-02-04,646.846,649.511,646.451,647.507,"XAUUSD"
"656",2007-02-05,647.276,651.687,645.171,648.924,"XAUUSD"
"657",2007-02-06,648.946,658.229,647.863,655.247,"XAUUSD"
"658",2007-02-07,654.801,656.508,650.032,652.175,"XAUUSD"
"659",2007-02-08,652.125,661.24,646.879,658.451,"XAUUSD"
"660",2007-02-09,658.655,668.044,656.227,666.063,"XAUUSD"
"661",2007-02-11,666.027,668.107,664.408,664.806,"XAUUSD"
"662",2007-02-12,665.213,666.219,659.061,661.658,"XAUUSD"
"663",2007-02-13,661.555,668.87,660.813,665.745,"XAUUSD"
"664",2007-02-14,665.798,671.708,664.37,668.009,"XAUUSD"
"665",2007-02-15,667.675,670.4,661.906,668.522,"XAUUSD"
"666",2007-02-16,668.097,669.06,662.058,668.094,"XAUUSD"
"667",2007-02-18,668.315,672.43,666.718,671.16,"XAUUSD"
"668",2007-02-19,671.288,673.102,668.929,671.053,"XAUUSD"
"669",2007-02-20,670.578,671.55,655.147,659.017,"XAUUSD"
"670",2007-02-21,658.758,682.247,656.202,676.513,"XAUUSD"
"671",2007-02-22,676.412,680.829,671.91,674.617,"XAUUSD"
"672",2007-02-23,674.823,688.208,673.31,681.92,"XAUUSD"
"673",2007-02-25,681.745,687.278,680.718,686.528,"XAUUSD"
"674",2007-02-26,686.708,687.731,681.492,684.898,"XAUUSD"
"675",2007-02-27,684.981,688.47,658.578,670.977,"XAUUSD"
"676",2007-02-28,671.158,677.355,660.812,671.815,"XAUUSD"
"677",2007-03-01,671.65,674.607,656.307,658.647,"XAUUSD"
"678",2007-03-02,658.401,663.857,639.779,641.904,"XAUUSD"
"679",2007-03-04,641.983,644.617,638.963,640.586,"XAUUSD"
"680",2007-03-05,640.36,642.778,631.853,640.593,"XAUUSD"
"681",2007-03-06,640.568,648.107,639.667,643.8,"XAUUSD"
"682",2007-03-07,643.977,652.897,641.749,651.474,"XAUUSD"
"683",2007-03-08,651.374,655.758,648.737,651.42,"XAUUSD"
"684",2007-03-09,651.349,657.897,646.977,648.923,"XAUUSD"
"685",2007-03-11,648.741,651.342,647.805,650.069,"XAUUSD"
"686",2007-03-12,650.284,653.596,644.849,649.323,"XAUUSD"
"687",2007-03-13,649.386,651.895,639.512,640.723,"XAUUSD"
"688",2007-03-14,640.496,646.398,635.852,644.276,"XAUUSD"
"689",2007-03-15,643.986,650.07,642.506,645.595,"XAUUSD"
"690",2007-03-16,645.823,655.57,645.213,652.398,"XAUUSD"
"691",2007-03-18,651.821,655.755,650.742,655.291,"XAUUSD"
"692",2007-03-19,655.394,656.119,651.193,654.659,"XAUUSD"
"693",2007-03-20,654.973,660.82,651.664,659.132,"XAUUSD"
"694",2007-03-21,659.197,664.764,655.562,662.938,"XAUUSD"
"695",2007-03-22,662.973,666.547,661.067,661.648,"XAUUSD"
"696",2007-03-23,661.038,664.505,654.198,656.373,"XAUUSD"
"697",2007-03-25,656.378,658.984,655.704,658.909,"XAUUSD"
"698",2007-03-26,658.972,664.894,657.652,663.652,"XAUUSD"
"699",2007-03-27,663.522,668.747,656.438,663.948,"XAUUSD"
"700",2007-03-28,664.545,669.197,662.613,665.398,"XAUUSD"
"701",2007-03-29,665.222,665.561,654.466,661.923,"XAUUSD"
"702",2007-03-30,662.45,667.548,660.27,663.308,"XAUUSD"
"703",2007-04-01,662.857,665.639,662.825,664.036,"XAUUSD"
"704",2007-04-02,664.037,665.952,655.929,663.423,"XAUUSD"
"705",2007-04-03,664.17,667.57,661.198,664.103,"XAUUSD"
"706",2007-04-04,664.57,675.269,663.126,671.873,"XAUUSD"
"707",2007-04-05,671.97,675.598,670.948,673.432,"XAUUSD"
"708",2007-04-06,673.409,673.721,672.552,673.57,"XAUUSD"
"709",2007-04-08,673.497,673.668,669.903,670.44,"XAUUSD"
"710",2007-04-09,670.169,677.255,669.209,674.335,"XAUUSD"
"711",2007-04-10,674.522,681.47,673.723,676.445,"XAUUSD"
"712",2007-04-11,676.128,680.642,673.448,676.945,"XAUUSD"
"713",2007-04-12,676.772,679.598,670.669,677.223,"XAUUSD"
"714",2007-04-13,676.894,685.437,675.648,684.647,"XAUUSD"
"715",2007-04-15,684.908,686.676,683.848,686.107,"XAUUSD"
"716",2007-04-16,686.187,690.953,682.926,687.523,"XAUUSD"
"717",2007-04-17,687.597,690.57,685.247,688.023,"XAUUSD"
"718",2007-04-18,688.197,691.498,684.922,688.445,"XAUUSD"
"719",2007-04-19,689.197,689.247,678.245,683.645,"XAUUSD"
"720",2007-04-20,683.422,693.67,682.72,691.498,"XAUUSD"
"721",2007-04-22,691.159,693.143,690.981,691.963,"XAUUSD"
"722",2007-04-23,691.925,692.538,684.948,686.076,"XAUUSD"
"723",2007-04-24,685.977,691.461,680.844,683.645,"XAUUSD"
"724",2007-04-25,683.58,686.508,682.21,685.832,"XAUUSD"
"725",2007-04-26,686.012,686.472,670.464,672.983,"XAUUSD"
"726",2007-04-27,673.061,681.626,670.384,680.973,"XAUUSD"
"727",2007-04-29,680.526,681.443,678.887,679.503,"XAUUSD"
"728",2007-04-30,679.572,680.717,675.561,677.898,"XAUUSD"
"729",2007-05-01,677.917,678.641,670.969,672.855,"XAUUSD"
"730",2007-05-02,672.79,674.365,667.014,672.394,"XAUUSD"
"731",2007-05-03,672.494,682.252,671.745,680.673,"XAUUSD"
"732",2007-05-04,680.692,690.223,679.423,688.055,"XAUUSD"
"733",2007-05-06,687.786,688.776,686.31,687.993,"XAUUSD"
"734",2007-05-07,687.996,690.519,686.326,687.397,"XAUUSD"
"735",2007-05-08,687.286,688.47,681.604,685.484,"XAUUSD"
"736",2007-05-09,685.438,686.305,675.588,679.424,"XAUUSD"
"737",2007-05-10,679.63,680.142,664.015,668.095,"XAUUSD"
"738",2007-05-11,668.085,672.203,666.504,670.62,"XAUUSD"
"739",2007-05-13,670.031,672.993,669.996,672.639,"XAUUSD"
"740",2007-05-14,672.388,674.609,665.912,668.564,"XAUUSD"
"741",2007-05-15,668.645,673.232,664.203,671.932,"XAUUSD"
"742",2007-05-16,672.125,672.765,659.232,663.979,"XAUUSD"
"743",2007-05-17,663.879,664.187,653.531,657.785,"XAUUSD"
"744",2007-05-18,657.887,662.622,655.392,661.223,"XAUUSD"
"745",2007-05-20,661.02,662.769,660.817,662.141,"XAUUSD"
"746",2007-05-21,662.15,663.296,656.487,662.107,"XAUUSD"
"747",2007-05-22,661.622,665.123,657.044,659.398,"XAUUSD"
"748",2007-05-23,659.448,664.714,656.498,661.547,"XAUUSD"
"749",2007-05-24,661.422,661.92,651.02,654.313,"XAUUSD"
"750",2007-05-25,654.398,656.733,652.647,655.66,"XAUUSD"
"751",2007-05-27,655.27,656.303,654.665,654.79,"XAUUSD"
"752",2007-05-28,654.782,656.21,654.257,655.348,"XAUUSD"
"753",2007-05-29,654.522,661.748,653.87,657.67,"XAUUSD"
"754",2007-05-30,657.698,658.222,651.198,655.848,"XAUUSD"
"755",2007-05-31,655.822,663.222,654.224,662.397,"XAUUSD"
"756",2007-06-01,661.997,671.67,660.948,670.787,"XAUUSD"
"757",2007-06-03,670.443,670.708,668.247,668.674,"XAUUSD"
"758",2007-06-04,668.727,673.595,667.903,670.747,"XAUUSD"
"759",2007-06-05,671.097,673.203,668.248,670.628,"XAUUSD"
"760",2007-06-06,670.298,671.72,664.245,669.897,"XAUUSD"
"761",2007-06-07,669.947,672.798,657.072,660.448,"XAUUSD"
"762",2007-06-08,660.372,660.599,643.598,648.295,"XAUUSD"
"763",2007-06-10,647.588,651.083,647.437,650.807,"XAUUSD"
"764",2007-06-11,650.85,654.586,649.097,653.648,"XAUUSD"
"765",2007-06-12,653.272,654.513,645.123,646.948,"XAUUSD"
"766",2007-06-13,646.52,652.497,642.623,649.748,"XAUUSD"
"767",2007-06-14,649.772,654.22,645.298,651.795,"XAUUSD"
"768",2007-06-15,651.797,655.57,649.122,654.46,"XAUUSD"
"769",2007-06-17,654.722,656.694,654.331,656.479,"XAUUSD"
"770",2007-06-18,656.381,658.955,654.156,655.795,"XAUUSD"
"771",2007-06-19,656.32,661.919,652.947,659.898,"XAUUSD"
"772",2007-06-20,659.798,661.339,651.948,654.495,"XAUUSD"
"773",2007-06-21,655.12,656.52,647.073,651.098,"XAUUSD"
"774",2007-06-22,651.022,656.297,650.034,653.82,"XAUUSD"
"775",2007-06-24,653.848,654.045,651.869,653.417,"XAUUSD"
"776",2007-06-25,653.431,653.999,648.351,651.245,"XAUUSD"
"777",2007-06-26,651.172,651.317,638.448,641.872,"XAUUSD"
"778",2007-06-27,641.748,644.697,639.12,643.495,"XAUUSD"
"779",2007-06-28,643.822,649.722,642.995,646.545,"XAUUSD"
"780",2007-06-29,646.451,652.398,645.719,649.158,"XAUUSD"
"781",2007-07-01,648.668,650.901,648.566,649.538,"XAUUSD"
"782",2007-07-02,649.434,658.373,648.076,656.348,"XAUUSD"
"783",2007-07-03,656.297,657.92,651.345,653.81,"XAUUSD"
"784",2007-07-04,653.77,654.748,652.547,654.048,"XAUUSD"
"785",2007-07-05,654.048,656.495,645.598,650.27,"XAUUSD"
"786",2007-07-06,650.122,655.828,644.522,655.468,"XAUUSD"
"787",2007-07-08,655.457,656.324,653.3,653.347,"XAUUSD"
"788",2007-07-09,653.266,662.372,652.872,658.947,"XAUUSD"
"789",2007-07-10,658.822,664.753,658.098,663.87,"XAUUSD"
"790",2007-07-11,663.92,665.777,658.998,661.447,"XAUUSD"
"791",2007-07-12,661.522,669.197,660.747,665.822,"XAUUSD"
"792",2007-07-13,666.048,668.458,662.997,666.223,"XAUUSD"
"793",2007-07-15,666.637,667.358,665.81,666.973,"XAUUSD"
"794",2007-07-16,666.925,668.421,663.134,665.148,"XAUUSD"
"795",2007-07-17,665.048,667.072,661.922,666.322,"XAUUSD"
"796",2007-07-18,666.545,674.197,664.67,671.598,"XAUUSD"
"797",2007-07-19,671.548,677.57,670.597,675.395,"XAUUSD"
"798",2007-07-20,675.172,686.147,674.748,682.935,"XAUUSD"
"799",2007-07-22,683.048,684.338,681.266,682.131,"XAUUSD"
"800",2007-07-23,682.137,684.562,679.803,681.195,"XAUUSD"
"801",2007-07-24,681.272,686.972,679.197,679.795,"XAUUSD"
"802",2007-07-25,679.897,681.747,669.997,675.22,"XAUUSD"
"803",2007-07-26,675.042,676.37,659.545,666.348,"XAUUSD"
"804",2007-07-27,666.148,666.945,656.373,660.548,"XAUUSD"
"805",2007-07-29,660.723,661.748,659.818,661.386,"XAUUSD"
"806",2007-07-30,661.423,666.348,659.476,666.198,"XAUUSD"
"807",2007-07-31,666.148,668.644,662.708,663.147,"XAUUSD"
"808",2007-08-01,663.669,667.347,658.353,663.698,"XAUUSD"
"809",2007-08-02,663.698,666.919,662.122,665.398,"XAUUSD"
"810",2007-08-03,664.922,675.198,664.297,673.27,"XAUUSD"
"811",2007-08-05,672.648,674.972,670.76,672.227,"XAUUSD"
"812",2007-08-06,672.26,674.591,668.532,670.098,"XAUUSD"
"813",2007-08-07,670.022,672.366,665.547,670.895,"XAUUSD"
"814",2007-08-08,670.897,676.595,668.948,672.598,"XAUUSD"
"815",2007-08-09,672.472,674.27,659.884,663.498,"XAUUSD"
"816",2007-08-10,663.498,676.147,657.648,672.398,"XAUUSD"
"817",2007-08-12,672.17,672.37,668.929,670.095,"XAUUSD"
"818",2007-08-13,670.14,671.845,667.723,668.198,"XAUUSD"
"819",2007-08-14,668.398,670.969,665.272,666.947,"XAUUSD"
"820",2007-08-15,667.12,670.705,661.448,665.298,"XAUUSD"
"821",2007-08-16,665.198,666.17,641.723,649.448,"XAUUSD"
"822",2007-08-17,649.322,662.647,645.498,657.197,"XAUUSD"
"823",2007-08-19,657.17,657.445,653.051,654.407,"XAUUSD"
"824",2007-08-20,654.449,660.016,653.581,658.85,"XAUUSD"
"825",2007-08-21,658.624,659.461,654.289,654.889,"XAUUSD"
"826",2007-08-22,654.864,661.85,654.034,661.551,"XAUUSD"
"827",2007-08-23,661.513,664.575,657.865,658.72,"XAUUSD"
"828",2007-08-24,658.577,668.561,656.87,667.6,"XAUUSD"
"829",2007-08-26,667.648,668.299,665.83,667.409,"XAUUSD"
"830",2007-08-27,667.493,668.217,665.122,666.956,"XAUUSD"
"831",2007-08-28,666.889,667.817,661.009,662.054,"XAUUSD"
"832",2007-08-29,662.154,668.336,661.679,665.611,"XAUUSD"
"833",2007-08-30,665.576,667.421,663.206,666.787,"XAUUSD"
"834",2007-08-31,666.75,674.507,665.773,672.761,"XAUUSD"
"835",2007-09-02,672.348,672.933,671.249,671.454,"XAUUSD"
"836",2007-09-03,671.484,673.414,670.575,671.932,"XAUUSD"
"837",2007-09-04,671.755,682.911,671.522,680.53,"XAUUSD"
"838",2007-09-05,680.532,683.353,677.804,683.141,"XAUUSD"
"839",2007-09-06,683.053,697.421,681.967,692.791,"XAUUSD"
"840",2007-09-07,692.72,706.697,691.508,700.365,"XAUUSD"
"841",2007-09-09,700.248,702.39,698.997,700.479,"XAUUSD"
"842",2007-09-10,700.509,706.448,698.721,703.09,"XAUUSD"
"843",2007-09-11,703.038,713.496,701.824,710.928,"XAUUSD"
"844",2007-09-12,710.884,713.797,705.291,709.777,"XAUUSD"
"845",2007-09-13,709.704,710.338,702.975,705.833,"XAUUSD"
"846",2007-09-14,705.744,716.855,703.391,707.106,"XAUUSD"
"847",2007-09-16,706.448,710.857,705.86,709.72,"XAUUSD"
"848",2007-09-17,709.695,719.545,708.374,715.534,"XAUUSD"
"849",2007-09-18,715.51,726.795,711.855,723.219,"XAUUSD"
"850",2007-09-19,723.137,725.442,719.822,721.947,"XAUUSD"
"851",2007-09-20,721.904,738.211,721.083,735.252,"XAUUSD"
"852",2007-09-21,735.267,739.045,726.474,730.853,"XAUUSD"
"853",2007-09-23,730.547,735.565,730.498,734.506,"XAUUSD"
"854",2007-09-24,734.322,735.914,726.48,727.873,"XAUUSD"
"855",2007-09-25,727.878,733.438,721.994,733.053,"XAUUSD"
"856",2007-09-26,733.075,736.293,725.92,728.12,"XAUUSD"
"857",2007-09-27,728.11,737.914,727.22,736.305,"XAUUSD"
"858",2007-09-28,736.241,745.323,733.914,743.005,"XAUUSD"
"859",2007-09-30,744.248,745.134,742.398,744.787,"XAUUSD"
"860",2007-10-01,744.805,747.376,740.385,741.92,"XAUUSD"
"861",2007-10-02,741.847,742.944,724.045,734.098,"XAUUSD"
"862",2007-10-03,734.145,735.848,725.52,726.17,"XAUUSD"
"863",2007-10-04,725.897,738.448,720.319,736.539,"XAUUSD"
"864",2007-10-05,736.448,743.97,726.764,742.048,"XAUUSD"
"865",2007-10-07,742.07,742.263,740.233,740.379,"XAUUSD"
"866",2007-10-08,740.25,741.398,729.799,730.169,"XAUUSD"
"867",2007-10-09,730.139,740.125,726.494,739.033,"XAUUSD"
"868",2007-10-10,738.976,745.534,737.924,742.335,"XAUUSD"
"869",2007-10-11,742.323,753.484,742.19,747.543,"XAUUSD"
"870",2007-10-12,747.48,751.814,745.262,749.445,"XAUUSD"
"871",2007-10-14,748.848,751.79,747.231,751.765,"XAUUSD"
"872",2007-10-15,751.696,759.912,751.323,758.011,"XAUUSD"
"873",2007-10-16,758.012,766.479,753.616,762.558,"XAUUSD"
"874",2007-10-17,762.517,764.13,751.574,759.797,"XAUUSD"
"875",2007-10-18,759.706,771.046,755.621,768.677,"XAUUSD"
"876",2007-10-19,768.66,769.983,757.765,764.548,"XAUUSD"
"877",2007-10-21,764.548,768.048,753.875,759.864,"XAUUSD"
"878",2007-10-22,759.814,762.158,744.995,757.12,"XAUUSD"
"879",2007-10-23,757.067,760.558,754.832,758.896,"XAUUSD"
"880",2007-10-24,758.827,764.093,753.696,762.737,"XAUUSD"
"881",2007-10-25,762.681,775.4,761.898,774.648,"XAUUSD"
"882",2007-10-26,774.627,785.443,773.533,784.558,"XAUUSD"
"883",2007-10-28,784.845,792.597,783.871,792.441,"XAUUSD"
"884",2007-10-29,792.347,794.277,784.743,785.599,"XAUUSD"
"885",2007-10-30,785.591,785.688,776.47,781.363,"XAUUSD"
"886",2007-10-31,781.282,798.892,779.835,796.8,"XAUUSD"
"887",2007-11-01,796.761,797.499,783.717,790.085,"XAUUSD"
"888",2007-11-02,790.053,807.643,787.824,806.38,"XAUUSD"
"889",2007-11-04,806.845,807.748,800.891,802.614,"XAUUSD"
"890",2007-11-05,802.647,810.946,800.473,808.854,"XAUUSD"
"891",2007-11-06,808.91,835.691,807.863,833.856,"XAUUSD"
"892",2007-11-07,833.802,845.325,823.367,832.817,"XAUUSD"
"893",2007-11-08,832.854,845.192,826.959,832.799,"XAUUSD"
"894",2007-11-09,832.738,836.091,826.977,831.34,"XAUUSD"
"895",2007-11-11,831.247,831.588,815.595,816.683,"XAUUSD"
"896",2007-11-12,816.677,820.362,790.027,804.614,"XAUUSD"
"897",2007-11-13,804.538,808.592,793.548,804.771,"XAUUSD"
"898",2007-11-14,804.742,817.789,804.077,815.318,"XAUUSD"
"899",2007-11-15,815.281,816.46,782.464,786.983,"XAUUSD"
"900",2007-11-16,786.934,797.108,783.556,785.647,"XAUUSD"
"901",2007-11-18,786.226,793.844,785.254,789.448,"XAUUSD"
"902",2007-11-19,789.357,790.401,772.513,776.781,"XAUUSD"
"903",2007-11-20,776.886,805.701,776.088,803.386,"XAUUSD"
"904",2007-11-21,803.328,806.91,794.422,803.328,"XAUUSD"
"905",2007-11-22,803.362,809.664,800.491,807.862,"XAUUSD"
"906",2007-11-23,807.844,825.432,806.448,823.223,"XAUUSD"
"907",2007-11-25,823.147,828.598,821.374,825.854,"XAUUSD"
"908",2007-11-26,825.791,836.436,820.755,826.29,"XAUUSD"
"909",2007-11-27,826.407,828.849,805.375,807.392,"XAUUSD"
"910",2007-11-28,807.436,807.729,791.368,803.071,"XAUUSD"
"911",2007-11-29,803,807.523,791.454,796.297,"XAUUSD"
"912",2007-11-30,796.282,797.787,778.456,783.123,"XAUUSD"
"913",2007-12-02,783.112,788.234,782.754,787.005,"XAUUSD"
"914",2007-12-03,786.936,794.225,776.66,789.249,"XAUUSD"
"915",2007-12-04,789.38,804.965,786.724,803.658,"XAUUSD"
"916",2007-12-05,803.572,806.364,790.52,791.591,"XAUUSD"
"917",2007-12-06,791.601,805.244,784.834,799.417,"XAUUSD"
"918",2007-12-07,799.39,804.728,791.301,794.122,"XAUUSD"
"919",2007-12-09,794.394,798.982,793.862,797.846,"XAUUSD"
"920",2007-12-10,797.929,811.792,796.476,807.1,"XAUUSD"
"921",2007-12-11,807.039,812.791,795.422,801.657,"XAUUSD"
"922",2007-12-12,801.692,816.741,801.487,811.123,"XAUUSD"
"923",2007-12-13,811.045,811.938,791.967,802.272,"XAUUSD"
"924",2007-12-14,802.155,802.999,787.436,794.385,"XAUUSD"
"925",2007-12-16,793.722,798.535,792.627,794.933,"XAUUSD"
"926",2007-12-17,794.901,796.83,784.765,791.764,"XAUUSD"
"927",2007-12-18,791.706,806.008,790.708,801.678,"XAUUSD"
"928",2007-12-19,801.622,804.319,797.427,800.529,"XAUUSD"
"929",2007-12-20,800.455,801.597,793.103,799.665,"XAUUSD"
"930",2007-12-21,799.561,812.055,798.847,811.122,"XAUUSD"
"931",2007-12-23,810.77,811.536,807.861,808.542,"XAUUSD"
"932",2007-12-24,808.605,815.071,807.714,807.858,"XAUUSD"
"933",2007-12-25,807.78,811.87,806.211,811.275,"XAUUSD"
"934",2007-12-26,811.326,825.792,810.89,823.324,"XAUUSD"
"935",2007-12-27,823.243,830.957,821.179,826.943,"XAUUSD"
"936",2007-12-28,826.978,840.464,825.627,840.013,"XAUUSD"
"937",2007-12-30,839.922,842.901,838.648,840.934,"XAUUSD"
"938",2007-12-31,840.859,842.699,829.785,832.989,"XAUUSD"
"939",2007-01-01,1.31942,1.32393,1.3165,1.32382,"EURUSD"
"940",2007-01-02,1.3236,1.32951,1.32233,1.32849,"EURUSD"
"941",2007-01-03,1.32856,1.32856,1.31461,1.31672,"EURUSD"
"942",2007-01-04,1.31653,1.31783,1.30601,1.30671,"EURUSD"
"943",2007-01-05,1.30682,1.31029,1.29804,1.29995,"EURUSD"
"944",2007-01-07,1.30097,1.30141,1.29837,1.29982,"EURUSD"
"945",2007-01-08,1.29968,1.30466,1.29722,1.30407,"EURUSD"
"946",2007-01-09,1.30376,1.30517,1.29485,1.29705,"EURUSD"
"947",2007-01-10,1.29681,1.30002,1.29261,1.29556,"EURUSD"
"948",2007-01-11,1.29513,1.30124,1.28747,1.29011,"EURUSD"
"949",2007-01-12,1.2899,1.29418,1.28668,1.29212,"EURUSD"
"950",2007-01-14,1.29219,1.29373,1.29121,1.29339,"EURUSD"
"951",2007-01-15,1.2934,1.2955,1.29183,1.29414,"EURUSD"
"952",2007-01-16,1.2942,1.29875,1.29062,1.29241,"EURUSD"
"953",2007-01-17,1.29246,1.29756,1.28973,1.29678,"EURUSD"
"954",2007-01-18,1.29661,1.29995,1.28971,1.29975,"EURUSD"
"955",2007-01-19,1.29976,1.29998,1.29129,1.29536,"EURUSD"
"956",2007-01-21,1.29592,1.29758,1.29505,1.29709,"EURUSD"
"957",2007-01-22,1.29677,1.29769,1.29201,1.29425,"EURUSD"
"958",2007-01-23,1.29421,1.30423,1.29343,1.30325,"EURUSD"
"959",2007-01-24,1.3033,1.30357,1.29475,1.29612,"EURUSD"
"960",2007-01-25,1.29603,1.30002,1.29139,1.29188,"EURUSD"
"961",2007-01-26,1.2919,1.29369,1.28807,1.29144,"EURUSD"
"962",2007-01-28,1.29147,1.29246,1.28948,1.29024,"EURUSD"
"963",2007-01-29,1.2903,1.297,1.28964,1.29635,"EURUSD"
"964",2007-01-30,1.296,1.298,1.29448,1.29588,"EURUSD"
"965",2007-01-31,1.29583,1.3039,1.29239,1.30313,"EURUSD"
"966",2007-02-01,1.30304,1.30482,1.30011,1.30213,"EURUSD"
"967",2007-02-02,1.302,1.30615,1.29474,1.29562,"EURUSD"
"968",2007-02-04,1.2961,1.29621,1.29318,1.29353,"EURUSD"
"969",2007-02-05,1.2936,1.29651,1.29126,1.29236,"EURUSD"
"970",2007-02-06,1.29213,1.29904,1.29095,1.29838,"EURUSD"
"971",2007-02-07,1.29871,1.30244,1.29693,1.30207,"EURUSD"
"972",2007-02-08,1.30188,1.30437,1.29759,1.30396,"EURUSD"
"973",2007-02-09,1.30399,1.30452,1.29817,1.30047,"EURUSD"
"974",2007-02-11,1.2989,1.30237,1.29851,1.30143,"EURUSD"
"975",2007-02-12,1.3016,1.30359,1.2939,1.29592,"EURUSD"
"976",2007-02-13,1.29596,1.30518,1.29557,1.30321,"EURUSD"
"977",2007-02-14,1.30303,1.31488,1.30218,1.31327,"EURUSD"
"978",2007-02-15,1.31322,1.31716,1.31173,1.31353,"EURUSD"
"979",2007-02-16,1.31365,1.31443,1.30958,1.31356,"EURUSD"
"980",2007-02-18,1.31364,1.31621,1.31338,1.31543,"EURUSD"
"981",2007-02-19,1.31538,1.31855,1.31201,1.31757,"EURUSD"
"982",2007-02-20,1.31756,1.31881,1.31271,1.31369,"EURUSD"
"983",2007-02-21,1.31385,1.31648,1.31116,1.31274,"EURUSD"
"984",2007-02-22,1.31259,1.31404,1.30796,1.31209,"EURUSD"
"985",2007-02-23,1.31204,1.31863,1.31013,1.31627,"EURUSD"
"986",2007-02-25,1.3165,1.31971,1.31629,1.3181,"EURUSD"
"987",2007-02-26,1.31798,1.32024,1.31491,1.31811,"EURUSD"
"988",2007-02-27,1.3179,1.32578,1.31579,1.32209,"EURUSD"
"989",2007-02-28,1.32205,1.32389,1.31787,1.32205,"EURUSD"
"990",2007-03-01,1.32188,1.32387,1.31547,1.31707,"EURUSD"
"991",2007-03-02,1.31697,1.31998,1.31408,1.31882,"EURUSD"
"992",2007-03-04,1.31949,1.32101,1.31174,1.3145,"EURUSD"
"993",2007-03-05,1.31462,1.31735,1.30723,1.31005,"EURUSD"
"994",2007-03-06,1.3099,1.3139,1.3086,1.31278,"EURUSD"
"995",2007-03-07,1.31258,1.31844,1.31086,1.31754,"EURUSD"
"996",2007-03-08,1.31752,1.3177,1.31154,1.31524,"EURUSD"
"997",2007-03-09,1.31512,1.31583,1.30864,1.31118,"EURUSD"
"998",2007-03-11,1.31236,1.31415,1.31068,1.31082,"EURUSD"
"999",2007-03-12,1.31103,1.31992,1.31054,1.31829,"EURUSD"
"1000",2007-03-13,1.31858,1.32186,1.31547,1.31908,"EURUSD"
"1001",2007-03-14,1.31908,1.3244,1.31764,1.3226,"EURUSD"
"1002",2007-03-15,1.32253,1.33128,1.31919,1.3291,"EURUSD"
"1003",2007-03-16,1.32911,1.33381,1.32792,1.33106,"EURUSD"
"1004",2007-03-18,1.33064,1.33241,1.32946,1.33033,"EURUSD"
"1005",2007-03-19,1.33063,1.33167,1.32758,1.32876,"EURUSD"
"1006",2007-03-20,1.3288,1.33232,1.32701,1.33112,"EURUSD"
"1007",2007-03-21,1.33149,1.34094,1.32861,1.33863,"EURUSD"
"1008",2007-03-22,1.33847,1.33893,1.3309,1.33164,"EURUSD"
"1009",2007-03-23,1.33172,1.33407,1.32762,1.32789,"EURUSD"
"1010",2007-03-25,1.32801,1.32933,1.32571,1.32607,"EURUSD"
"1011",2007-03-26,1.32615,1.33455,1.32534,1.33252,"EURUSD"
"1012",2007-03-27,1.3325,1.33667,1.33013,1.33296,"EURUSD"
"1013",2007-03-28,1.33316,1.33716,1.32984,1.33188,"EURUSD"
"1014",2007-03-29,1.33197,1.33517,1.33104,1.33396,"EURUSD"
"1015",2007-03-30,1.33393,1.33985,1.3288,1.3353,"EURUSD"
"1016",2007-04-01,1.3371,1.3377,1.33312,1.33532,"EURUSD"
"1017",2007-04-02,1.33536,1.33802,1.33421,1.33648,"EURUSD"
"1018",2007-04-03,1.33643,1.33802,1.33179,1.3334,"EURUSD"
"1019",2007-04-04,1.3333,1.3381,1.3328,1.3367,"EURUSD"
"1020",2007-04-05,1.3367,1.3441,1.33525,1.342,"EURUSD"
"1021",2007-04-06,1.342,1.3425,1.3364,1.3378,"EURUSD"
"1022",2007-04-08,1.3374,1.33798,1.33575,1.336,"EURUSD"
"1023",2007-04-09,1.336,1.3434,1.334,1.3414,"EURUSD"
"1024",2007-04-10,1.3414,1.3456,1.34015,1.3421,"EURUSD"
"1025",2007-04-11,1.3421,1.3468,1.34065,1.3464,"EURUSD"
"1026",2007-04-12,1.34635,1.35235,1.34405,1.3514,"EURUSD"
"1027",2007-04-13,1.3514,1.35525,1.34845,1.35255,"EURUSD"
"1028",2007-04-15,1.3554,1.3577,1.35221,1.35605,"EURUSD"
"1029",2007-04-16,1.356,1.35625,1.35221,1.3536,"EURUSD"
"1030",2007-04-17,1.3536,1.3594,1.3527,1.3584,"EURUSD"
"1031",2007-04-18,1.3584,1.362,1.3556,1.3602,"EURUSD"
"1032",2007-04-19,1.3602,1.3628,1.35605,1.3618,"EURUSD"
"1033",2007-04-20,1.3618,1.3637,1.3586,1.3588,"EURUSD"
"1034",2007-04-22,1.35975,1.3607,1.3582,1.3583,"EURUSD"
"1035",2007-04-23,1.3583,1.3594,1.354,1.35585,"EURUSD"
"1036",2007-04-24,1.35585,1.3643,1.35505,1.3635,"EURUSD"
"1037",2007-04-25,1.3635,1.3665,1.3622,1.3646,"EURUSD"
"1038",2007-04-26,1.3646,1.3654,1.3584,1.36025,"EURUSD"
"1039",2007-04-27,1.36025,1.3682,1.35865,1.3652,"EURUSD"
"1040",2007-04-29,1.36305,1.3648,1.3615,1.36434,"EURUSD"
"1041",2007-04-30,1.36429,1.36777,1.35884,1.36511,"EURUSD"
"1042",2007-05-01,1.36512,1.36711,1.35614,1.35642,"EURUSD"
"1043",2007-05-02,1.35645,1.36097,1.35598,1.35983,"EURUSD"
"1044",2007-05-03,1.35985,1.36193,1.35344,1.35431,"EURUSD"
"1045",2007-05-04,1.35427,1.36088,1.35386,1.35893,"EURUSD"
"1046",2007-05-06,1.36015,1.36106,1.35883,1.36055,"EURUSD"
"1047",2007-05-07,1.36053,1.36255,1.35928,1.36101,"EURUSD"
"1048",2007-05-08,1.36102,1.36202,1.35155,1.35423,"EURUSD"
"1049",2007-05-09,1.35422,1.35641,1.35187,1.35258,"EURUSD"
"1050",2007-05-10,1.35266,1.35624,1.34628,1.34773,"EURUSD"
"1051",2007-05-11,1.34777,1.35305,1.34649,1.35222,"EURUSD"
"1052",2007-05-13,1.35343,1.35492,1.35271,1.35473,"EURUSD"
"1053",2007-05-14,1.35475,1.3557,1.35235,1.35421,"EURUSD"
"1054",2007-05-15,1.35422,1.36071,1.35264,1.35903,"EURUSD"
"1055",2007-05-16,1.35902,1.36081,1.35035,1.35275,"EURUSD"
"1056",2007-05-17,1.35277,1.35421,1.34773,1.34861,"EURUSD"
"1057",2007-05-18,1.34862,1.35205,1.34648,1.35053,"EURUSD"
"1058",2007-05-20,1.35123,1.35288,1.35104,1.35145,"EURUSD"
"1059",2007-05-21,1.3514,1.35183,1.34359,1.34517,"EURUSD"
"1060",2007-05-22,1.3452,1.34744,1.34376,1.34553,"EURUSD"
"1061",2007-05-23,1.34552,1.35004,1.34149,1.34502,"EURUSD"
"1062",2007-05-24,1.345,1.34602,1.34114,1.34202,"EURUSD"
"1063",2007-05-25,1.34198,1.34714,1.34123,1.3438,"EURUSD"
"1064",2007-05-27,1.34465,1.34565,1.34399,1.34565,"EURUSD"
"1065",2007-05-28,1.3456,1.34579,1.34192,1.34335,"EURUSD"
"1066",2007-05-29,1.34327,1.35183,1.343,1.34482,"EURUSD"
"1067",2007-05-30,1.34478,1.34508,1.34079,1.34295,"EURUSD"
"1068",2007-05-31,1.34287,1.3471,1.3427,1.34498,"EURUSD"
"1069",2007-06-01,1.345,1.34602,1.33915,1.34439,"EURUSD"
"1070",2007-06-03,1.3441,1.34512,1.34353,1.34453,"EURUSD"
"1071",2007-06-04,1.34457,1.35033,1.34317,1.3503,"EURUSD"
"1072",2007-06-05,1.35029,1.35515,1.34885,1.35244,"EURUSD"
"1073",2007-06-06,1.3524,1.35371,1.34844,1.35038,"EURUSD"
"1074",2007-06-07,1.35035,1.35113,1.34179,1.34222,"EURUSD"
"1075",2007-06-08,1.34222,1.34269,1.33225,1.33708,"EURUSD"
"1076",2007-06-10,1.33671,1.33711,1.33423,1.33513,"EURUSD"
"1077",2007-06-11,1.33507,1.33659,1.33325,1.33622,"EURUSD"
"1078",2007-06-12,1.33622,1.33683,1.3286,1.33003,"EURUSD"
"1079",2007-06-13,1.33001,1.33153,1.32621,1.33115,"EURUSD"
"1080",2007-06-14,1.33106,1.3329,1.32789,1.33212,"EURUSD"
"1081",2007-06-15,1.33209,1.33877,1.33047,1.33867,"EURUSD"
"1082",2007-06-17,1.33765,1.33923,1.33737,1.33897,"EURUSD"
"1083",2007-06-18,1.339,1.34269,1.33847,1.34193,"EURUSD"
"1084",2007-06-19,1.34193,1.3436,1.3384,1.34315,"EURUSD"
"1085",2007-06-20,1.34309,1.34347,1.3382,1.33953,"EURUSD"
"1086",2007-06-21,1.33952,1.34044,1.33717,1.33916,"EURUSD"
"1087",2007-06-22,1.33919,1.34683,1.33883,1.34676,"EURUSD"
"1088",2007-06-24,1.34648,1.34719,1.34565,1.34647,"EURUSD"
"1089",2007-06-25,1.34642,1.34718,1.34384,1.34635,"EURUSD"
"1090",2007-06-26,1.3463,1.34764,1.3431,1.34385,"EURUSD"
"1091",2007-06-27,1.34383,1.34632,1.34167,1.34615,"EURUSD"
"1092",2007-06-28,1.34608,1.34788,1.34233,1.34368,"EURUSD"
"1093",2007-06-29,1.3437,1.35404,1.34335,1.35397,"EURUSD"
"1094",2007-07-01,1.35358,1.35465,1.35277,1.35322,"EURUSD"
"1095",2007-07-02,1.3532,1.36374,1.35258,1.36223,"EURUSD"
"1096",2007-07-03,1.36221,1.36323,1.35833,1.36137,"EURUSD"
"1097",2007-07-04,1.36139,1.36299,1.36045,1.36121,"EURUSD"
"1098",2007-07-05,1.36122,1.36574,1.35784,1.3597,"EURUSD"
"1099",2007-07-06,1.35972,1.36396,1.35678,1.36253,"EURUSD"
"1100",2007-07-08,1.36319,1.36337,1.36145,1.36242,"EURUSD"
"1101",2007-07-09,1.36237,1.36372,1.36086,1.36165,"EURUSD"
"1102",2007-07-10,1.3616,1.37822,1.35935,1.37365,"EURUSD"
"1103",2007-07-11,1.3736,1.37795,1.37325,1.37525,"EURUSD"
"1104",2007-07-12,1.37523,1.37971,1.37477,1.37805,"EURUSD"
"1105",2007-07-13,1.378,1.38103,1.37621,1.37811,"EURUSD"
"1106",2007-07-15,1.37837,1.3791,1.37676,1.37893,"EURUSD"
"1107",2007-07-16,1.37888,1.38019,1.37603,1.37843,"EURUSD"
"1108",2007-07-17,1.3784,1.3823,1.3758,1.38229,"EURUSD"
"1109",2007-07-18,1.38227,1.3831,1.37565,1.37982,"EURUSD"
"1110",2007-07-19,1.37978,1.38284,1.37852,1.37929,"EURUSD"
"1111",2007-07-20,1.37922,1.38418,1.37777,1.38251,"EURUSD"
"1112",2007-07-22,1.38334,1.38438,1.3825,1.38308,"EURUSD"
"1113",2007-07-23,1.38309,1.38452,1.37912,1.38184,"EURUSD"
"1114",2007-07-24,1.38201,1.38515,1.37975,1.38057,"EURUSD"
"1115",2007-07-25,1.38064,1.38251,1.36944,1.37037,"EURUSD"
"1116",2007-07-26,1.37049,1.37714,1.36888,1.37398,"EURUSD"
"1117",2007-07-27,1.37412,1.37478,1.36239,1.36306,"EURUSD"
"1118",2007-07-29,1.36206,1.36415,1.36058,1.36321,"EURUSD"
"1119",2007-07-30,1.36335,1.37274,1.3622,1.37142,"EURUSD"
"1120",2007-07-31,1.37152,1.37216,1.36491,1.36585,"EURUSD"
"1121",2007-08-01,1.36593,1.37099,1.36363,1.36567,"EURUSD"
"1122",2007-08-02,1.36586,1.37113,1.3648,1.37031,"EURUSD"
"1123",2007-08-03,1.37034,1.38178,1.36811,1.37698,"EURUSD"
"1124",2007-08-05,1.3786,1.38387,1.3786,1.38096,"EURUSD"
"1125",2007-08-06,1.38104,1.38386,1.37764,1.38038,"EURUSD"
"1126",2007-08-07,1.38044,1.38108,1.37314,1.37477,"EURUSD"
"1127",2007-08-08,1.37485,1.38259,1.37185,1.38008,"EURUSD"
"1128",2007-08-09,1.38009,1.38167,1.36515,1.36599,"EURUSD"
"1129",2007-08-10,1.36615,1.37049,1.36406,1.36907,"EURUSD"
"1130",2007-08-12,1.36887,1.37091,1.3678,1.37013,"EURUSD"
"1131",2007-08-13,1.37024,1.3705,1.35974,1.36094,"EURUSD"
"1132",2007-08-14,1.36125,1.3625,1.35108,1.3513,"EURUSD"
"1133",2007-08-15,1.35152,1.35205,1.33819,1.33986,"EURUSD"
"1134",2007-08-16,1.33998,1.34464,1.33594,1.34102,"EURUSD"
"1135",2007-08-17,1.34155,1.3546,1.33691,1.34721,"EURUSD"
"1136",2007-08-19,1.3476,1.34993,1.34701,1.34898,"EURUSD"
"1137",2007-08-20,1.34917,1.35076,1.34557,1.34719,"EURUSD"
"1138",2007-08-21,1.34725,1.35203,1.34459,1.34656,"EURUSD"
"1139",2007-08-22,1.3466,1.35593,1.34601,1.35503,"EURUSD"
"1140",2007-08-23,1.35521,1.35879,1.35324,1.35646,"EURUSD"
"1141",2007-08-24,1.35657,1.36828,1.35497,1.36725,"EURUSD"
"1142",2007-08-26,1.36745,1.36852,1.36612,1.36689,"EURUSD"
"1143",2007-08-27,1.36705,1.36794,1.36211,1.36252,"EURUSD"
"1144",2007-08-28,1.36263,1.36799,1.3557,1.35857,"EURUSD"
"1145",2007-08-29,1.35865,1.36802,1.35653,1.36574,"EURUSD"
"1146",2007-08-30,1.36583,1.36753,1.35883,1.36696,"EURUSD"
"1147",2007-08-31,1.36697,1.37191,1.36158,1.36265,"EURUSD"
"1148",2007-09-02,1.36276,1.36389,1.36205,1.36365,"EURUSD"
"1149",2007-09-03,1.36369,1.36541,1.36012,1.36054,"EURUSD"
"1150",2007-09-04,1.36052,1.36286,1.3548,1.36141,"EURUSD"
"1151",2007-09-05,1.36161,1.36712,1.3566,1.36426,"EURUSD"
"1152",2007-09-06,1.3642,1.37098,1.36308,1.36666,"EURUSD"
"1153",2007-09-07,1.36675,1.37978,1.36604,1.37657,"EURUSD"
"1154",2007-09-09,1.37681,1.37851,1.37645,1.37677,"EURUSD"
"1155",2007-09-10,1.37683,1.38143,1.37644,1.38015,"EURUSD"
"1156",2007-09-11,1.38031,1.38482,1.37756,1.38367,"EURUSD"
"1157",2007-09-12,1.38378,1.39141,1.38312,1.38945,"EURUSD"
"1158",2007-09-13,1.38937,1.39265,1.386,1.38703,"EURUSD"
"1159",2007-09-14,1.38692,1.38947,1.38414,1.38728,"EURUSD"
"1160",2007-09-16,1.3868,1.38841,1.38522,1.38757,"EURUSD"
"1161",2007-09-17,1.38768,1.38899,1.38474,1.38598,"EURUSD"
"1162",2007-09-18,1.38574,1.39889,1.38271,1.39735,"EURUSD"
"1163",2007-09-19,1.39746,1.39867,1.39323,1.39737,"EURUSD"
"1164",2007-09-20,1.39746,1.40993,1.39673,1.40718,"EURUSD"
"1165",2007-09-21,1.40729,1.41195,1.40394,1.40885,"EURUSD"
"1166",2007-09-23,1.40901,1.41176,1.40811,1.40997,"EURUSD"
"1167",2007-09-24,1.40999,1.41293,1.40616,1.40773,"EURUSD"
"1168",2007-09-25,1.40773,1.41628,1.40567,1.41326,"EURUSD"
"1169",2007-09-26,1.41335,1.41556,1.41084,1.41345,"EURUSD"
"1170",2007-09-27,1.41353,1.41892,1.41264,1.41654,"EURUSD"
"1171",2007-09-28,1.41653,1.42772,1.41491,1.42656,"EURUSD"
"1172",2007-09-30,1.42723,1.42808,1.42532,1.42635,"EURUSD"
"1173",2007-10-01,1.42625,1.4274,1.42075,1.42155,"EURUSD"
"1174",2007-10-02,1.42145,1.42247,1.41353,1.41723,"EURUSD"
"1175",2007-10-03,1.41755,1.42012,1.40791,1.40897,"EURUSD"
"1176",2007-10-04,1.40898,1.41488,1.40641,1.41357,"EURUSD"
"1177",2007-10-05,1.41392,1.41569,1.40313,1.41336,"EURUSD"
"1178",2007-10-07,1.4134,1.41526,1.41256,1.41324,"EURUSD"
"1179",2007-10-08,1.41372,1.41402,1.40117,1.40179,"EURUSD"
"1180",2007-10-09,1.40188,1.41177,1.40093,1.41115,"EURUSD"
"1181",2007-10-10,1.41098,1.41715,1.40989,1.41526,"EURUSD"
"1182",2007-10-11,1.41559,1.42402,1.41495,1.41936,"EURUSD"
"1183",2007-10-12,1.4194,1.42125,1.41522,1.41763,"EURUSD"
"1184",2007-10-14,1.41745,1.41866,1.41559,1.41629,"EURUSD"
"1185",2007-10-15,1.41671,1.42429,1.41609,1.41985,"EURUSD"
"1186",2007-10-16,1.41969,1.42265,1.41397,1.41681,"EURUSD"
"1187",2007-10-17,1.41707,1.42375,1.41562,1.42297,"EURUSD"
"1188",2007-10-18,1.42303,1.43097,1.42222,1.42996,"EURUSD"
"1189",2007-10-19,1.42994,1.43179,1.42426,1.42985,"EURUSD"
"1190",2007-10-21,1.43037,1.43501,1.43017,1.43055,"EURUSD"
"1191",2007-10-22,1.43072,1.43388,1.41231,1.41929,"EURUSD"
"1192",2007-10-23,1.41944,1.42782,1.41754,1.42579,"EURUSD"
"1193",2007-10-24,1.42574,1.42764,1.41873,1.42663,"EURUSD"
"1194",2007-10-25,1.4265,1.43443,1.42457,1.43255,"EURUSD"
"1195",2007-10-26,1.43261,1.43953,1.43212,1.43908,"EURUSD"
"1196",2007-10-28,1.44146,1.44221,1.43971,1.44081,"EURUSD"
"1197",2007-10-29,1.44088,1.44378,1.43738,1.44036,"EURUSD"
"1198",2007-10-30,1.44064,1.44484,1.43717,1.44374,"EURUSD"
"1199",2007-10-31,1.44396,1.45035,1.44172,1.44626,"EURUSD"
"1200",2007-11-01,1.4462,1.44788,1.43995,1.44423,"EURUSD"
"1201",2007-11-02,1.4442,1.45273,1.44184,1.45033,"EURUSD"
"1202",2007-11-04,1.45132,1.45234,1.44758,1.44907,"EURUSD"
"1203",2007-11-05,1.44887,1.44998,1.44406,1.448,"EURUSD"
"1204",2007-11-06,1.4478,1.4663,1.44768,1.46338,"EURUSD"
"1205",2007-11-07,1.46329,1.47294,1.46123,1.46318,"EURUSD"
"1206",2007-11-08,1.46301,1.47363,1.46212,1.47154,"EURUSD"
"1207",2007-11-09,1.47156,1.47519,1.46286,1.46725,"EURUSD"
"1208",2007-11-11,1.46701,1.46758,1.46191,1.46355,"EURUSD"
"1209",2007-11-12,1.46364,1.46632,1.45168,1.45689,"EURUSD"
"1210",2007-11-13,1.45668,1.46654,1.45642,1.4657,"EURUSD"
"1211",2007-11-14,1.46538,1.47245,1.4635,1.46737,"EURUSD"
"1212",2007-11-15,1.46726,1.47038,1.46009,1.4614,"EURUSD"
"1213",2007-11-16,1.46138,1.46721,1.45786,1.46584,"EURUSD"
"1214",2007-11-18,1.46689,1.46884,1.4652,1.466,"EURUSD"
"1215",2007-11-19,1.46603,1.46846,1.4617,1.46611,"EURUSD"
"1216",2007-11-20,1.46651,1.48517,1.46552,1.48377,"EURUSD"
"1217",2007-11-21,1.48383,1.4873,1.47707,1.4858,"EURUSD"
"1218",2007-11-22,1.48578,1.49646,1.48185,1.49215,"EURUSD"
"1219",2007-11-23,1.49215,1.49373,1.47816,1.48358,"EURUSD"
"1220",2007-11-25,1.48193,1.48393,1.4806,1.48208,"EURUSD"
"1221",2007-11-26,1.48198,1.48869,1.48011,1.48657,"EURUSD"
"1222",2007-11-27,1.48652,1.49078,1.48056,1.48162,"EURUSD"
"1223",2007-11-28,1.48158,1.48579,1.47078,1.482,"EURUSD"
"1224",2007-11-29,1.48215,1.48347,1.47188,1.4738,"EURUSD"
"1225",2007-11-30,1.47368,1.47849,1.46231,1.46313,"EURUSD"
"1226",2007-12-02,1.4636,1.46693,1.46338,1.46605,"EURUSD"
"1227",2007-12-03,1.46627,1.47077,1.4618,1.4665,"EURUSD"
"1228",2007-12-04,1.46648,1.47701,1.46315,1.47535,"EURUSD"
"1229",2007-12-05,1.47534,1.4758,1.45688,1.46151,"EURUSD"
"1230",2007-12-06,1.46148,1.46593,1.45234,1.46033,"EURUSD"
"1231",2007-12-07,1.46066,1.46725,1.45946,1.46534,"EURUSD"
"1232",2007-12-09,1.46539,1.4659,1.46364,1.46402,"EURUSD"
"1233",2007-12-10,1.46424,1.47356,1.46361,1.47267,"EURUSD"
"1234",2007-12-11,1.47253,1.47506,1.46378,1.46586,"EURUSD"
"1235",2007-12-12,1.46585,1.4748,1.46513,1.47245,"EURUSD"
"1236",2007-12-13,1.47245,1.47379,1.45742,1.46214,"EURUSD"
"1237",2007-12-14,1.46225,1.46578,1.44094,1.44282,"EURUSD"
"1238",2007-12-16,1.43892,1.44507,1.43838,1.44411,"EURUSD"
"1239",2007-12-17,1.44423,1.44521,1.43273,1.43954,"EURUSD"
"1240",2007-12-18,1.43967,1.44357,1.43639,1.4417,"EURUSD"
"1241",2007-12-19,1.44205,1.44235,1.43229,1.43733,"EURUSD"
"1242",2007-12-20,1.43711,1.43764,1.43073,1.43532,"EURUSD"
"1243",2007-12-21,1.43526,1.44101,1.43437,1.43772,"EURUSD"
"1244",2007-12-23,1.43738,1.439,1.43643,1.43828,"EURUSD"
"1245",2007-12-24,1.43826,1.44129,1.43692,1.43895,"EURUSD"
"1246",2007-12-25,1.43888,1.44205,1.43825,1.44118,"EURUSD"
"1247",2007-12-26,1.44108,1.45058,1.44037,1.44842,"EURUSD"
"1248",2007-12-27,1.44848,1.46411,1.44727,1.46038,"EURUSD"
"1249",2007-12-28,1.46021,1.47273,1.45974,1.4721,"EURUSD"
"1250",2007-12-30,1.47133,1.47491,1.47022,1.47398,"EURUSD"
"1251",2007-12-31,1.47414,1.47476,1.45651,1.45962,"EURUSD"
